data;valor
03/01/2005;0.00064893
04/01/2005;0.00064759
05/01/2005;0.00064759
06/01/2005;0.00064759
07/01/2005;0.00064725
10/01/2005;0.00064725
11/01/2005;0.00064691
12/01/2005;0.00064759
13/01/2005;0.00064691
14/01/2005;0.00064759
17/01/2005;0.0006482599999999999
18/01/2005;0.0006479200000000001
19/01/2005;0.0006479200000000001
20/01/2005;0.00066442
21/01/2005;0.0006647500000000001
24/01/2005;0.00066509
25/01/2005;0.00066509
26/01/2005;0.00066442
27/01/2005;0.0006647500000000001
28/01/2005;0.00066442
31/01/2005;0.00066542
01/02/2005;0.00066542
02/02/2005;0.0006657599999999999
03/02/2005;0.00066542
04/02/2005;0.00066542
09/02/2005;0.00066542
10/02/2005;0.0006647500000000001
11/02/2005;0.0006647500000000001
14/02/2005;0.00066442
15/02/2005;0.00066442
16/02/2005;0.00066374
17/02/2005;0.0006805100000000001
18/02/2005;0.0006801699999999999
21/02/2005;0.0006801699999999999
22/02/2005;0.0006801699999999999
23/02/2005;0.00067984
24/02/2005;0.00067984
25/02/2005;0.00067984
28/02/2005;0.00067984
01/03/2005;0.0006795
02/03/2005;0.00067883
03/03/2005;0.00067883
04/03/2005;0.0006785
07/03/2005;0.0006791700000000001
08/03/2005;0.0006785
09/03/2005;0.00067816
10/03/2005;0.0006778299999999999
11/03/2005;0.0006778299999999999
14/03/2005;0.0006778299999999999
15/03/2005;0.00067816
16/03/2005;0.0006785
17/03/2005;0.0006955300000000001
18/03/2005;0.0006962
21/03/2005;0.0006965300000000001
22/03/2005;0.00069686
23/03/2005;0.0006972
24/03/2005;0.0006975299999999999
28/03/2005;0.0006972
29/03/2005;0.0006972
30/03/2005;0.00069686
31/03/2005;0.0006975299999999999
01/04/2005;0.0006975299999999999
04/04/2005;0.0006975299999999999
05/04/2005;0.00069786
06/04/2005;0.0006975299999999999
07/04/2005;0.0006975299999999999
08/04/2005;0.0006972
11/04/2005;0.0006972
12/04/2005;0.0006965300000000001
13/04/2005;0.00069686
14/04/2005;0.00069686
15/04/2005;0.0006965300000000001
18/04/2005;0.0006965300000000001
19/04/2005;0.00069686
20/04/2005;0.0006965300000000001
22/04/2005;0.00070352
25/04/2005;0.0007041899999999999
26/04/2005;0.0007041899999999999
27/04/2005;0.00070485
28/04/2005;0.00070518
29/04/2005;0.0007058499999999999
02/05/2005;0.00070651
03/05/2005;0.00070651
04/05/2005;0.00070651
05/05/2005;0.00070651
06/05/2005;0.00070685
09/05/2005;0.00070618
10/05/2005;0.00070618
11/05/2005;0.00070618
12/05/2005;0.00070618
13/05/2005;0.0007058499999999999
16/05/2005;0.00070651
17/05/2005;0.00070651
18/05/2005;0.00070618
19/05/2005;0.0007141500000000001
20/05/2005;0.0007141500000000001
23/05/2005;0.0007141500000000001
24/05/2005;0.0007141500000000001
25/05/2005;0.00071382
27/05/2005;0.0007141500000000001
30/05/2005;0.0007148100000000001
31/05/2005;0.00071614
01/06/2005;0.00071614
02/06/2005;0.00071548
03/06/2005;0.0007151499999999999
06/06/2005;0.0007148100000000001
07/06/2005;0.0007148100000000001
08/06/2005;0.0007141500000000001
09/06/2005;0.0007141500000000001
10/06/2005;0.00071448
13/06/2005;0.0007148100000000001
14/06/2005;0.0007148100000000001
15/06/2005;0.0007148100000000001
16/06/2005;0.00071448
17/06/2005;0.0007148100000000001
20/06/2005;0.00071448
21/06/2005;0.0007141500000000001
22/06/2005;0.00071448
23/06/2005;0.00071448
24/06/2005;0.0007148100000000001
27/06/2005;0.0007151499999999999
28/06/2005;0.0007151499999999999
29/06/2005;0.0007151499999999999
30/06/2005;0.0007151499999999999
01/07/2005;0.0007148100000000001
04/07/2005;0.0007151499999999999
05/07/2005;0.00071448
06/07/2005;0.00071448
07/07/2005;0.0007141500000000001
08/07/2005;0.00071349
11/07/2005;0.0007141500000000001
12/07/2005;0.00071382
13/07/2005;0.00071382
14/07/2005;0.0007141500000000001
15/07/2005;0.0007141500000000001
18/07/2005;0.00071382
19/07/2005;0.00071382
20/07/2005;0.00071349
21/07/2005;0.00071349
22/07/2005;0.00071349
25/07/2005;0.00071349
26/07/2005;0.00071316
27/07/2005;0.00071282
28/07/2005;0.00071282
29/07/2005;0.00071316
01/08/2005;0.00071349
02/08/2005;0.00071382
03/08/2005;0.00071382
04/08/2005;0.00071382
05/08/2005;0.00071349
08/08/2005;0.00071349
09/08/2005;0.00071316
10/08/2005;0.00071316
11/08/2005;0.00071316
12/08/2005;0.00071316
15/08/2005;0.00071282
16/08/2005;0.0007124900000000001
17/08/2005;0.00071183
18/08/2005;0.00071116
19/08/2005;0.00071216
22/08/2005;0.0007124900000000001
23/08/2005;0.0007124900000000001
24/08/2005;0.00071282
25/08/2005;0.00071282
26/08/2005;0.0007124900000000001
29/08/2005;0.00071349
30/08/2005;0.00071349
31/08/2005;0.0007141500000000001
01/09/2005;0.00071448
02/09/2005;0.00071448
05/09/2005;0.00071448
06/09/2005;0.0007141500000000001
08/09/2005;0.00071349
09/09/2005;0.00071349
12/09/2005;0.00071382
13/09/2005;0.00071349
14/09/2005;0.00071349
15/09/2005;0.0007058499999999999
16/09/2005;0.0007058499999999999
19/09/2005;0.0007058499999999999
20/09/2005;0.0007055200000000001
21/09/2005;0.00070452
22/09/2005;0.00070485
23/09/2005;0.00070452
26/09/2005;0.00070518
27/09/2005;0.00070485
28/09/2005;0.00070518
29/09/2005;0.0007055200000000001
30/09/2005;0.00070751
03/10/2005;0.00070618
04/10/2005;0.00070485
05/10/2005;0.00070452
06/10/2005;0.00070385
07/10/2005;0.0007041899999999999
10/10/2005;0.00070385
11/10/2005;0.0007041899999999999
13/10/2005;0.00070319
14/10/2005;0.00070319
17/10/2005;0.00070252
18/10/2005;0.00070286
19/10/2005;0.00070286
20/10/2005;0.0006871900000000001
21/10/2005;0.00068686
24/10/2005;0.00068652
25/10/2005;0.00068686
26/10/2005;0.00068619
27/10/2005;0.00068652
28/10/2005;0.00068619
31/10/2005;0.00068786
01/11/2005;0.0006891899999999999
03/11/2005;0.0006881900000000001
04/11/2005;0.00068886
07/11/2005;0.00068886
08/11/2005;0.00068853
09/11/2005;0.00068886
10/11/2005;0.00068886
11/11/2005;0.00068853
14/11/2005;0.00068886
16/11/2005;0.00068786
17/11/2005;0.00068786
18/11/2005;0.00068786
21/11/2005;0.00068686
22/11/2005;0.00068686
23/11/2005;0.0006858499999999999
24/11/2005;0.00066979
25/11/2005;0.0006701200000000001
28/11/2005;0.0006701200000000001
29/11/2005;0.00067079
30/11/2005;0.00067146
01/12/2005;0.00067146
02/12/2005;0.00067113
05/12/2005;0.00067146
06/12/2005;0.00067113
07/12/2005;0.00067113
08/12/2005;0.0006701200000000001
09/12/2005;0.0006701200000000001
12/12/2005;0.0006701200000000001
13/12/2005;0.00066979
14/12/2005;0.00066912
15/12/2005;0.0006536500000000001
16/12/2005;0.00065399
19/12/2005;0.0006546599999999999
20/12/2005;0.000655
21/12/2005;0.0006553399999999999
22/12/2005;0.0006553399999999999
23/12/2005;0.0006553399999999999
26/12/2005;0.000655
27/12/2005;0.000655
28/12/2005;0.0006546599999999999
29/12/2005;0.00065635
30/12/2005;0.0006566800000000001
02/01/2006;0.000655
03/01/2006;0.000655
04/01/2006;0.0006546599999999999
05/01/2006;0.0006543300000000001
06/01/2006;0.0006543300000000001
09/01/2006;0.00065399
10/01/2006;0.00065332
11/01/2006;0.00065332
12/01/2006;0.0006536500000000001
13/01/2006;0.00065332
16/01/2006;0.00065332
17/01/2006;0.0006529799999999999
18/01/2006;0.0006529799999999999
19/01/2006;0.00062696
20/01/2006;0.0006272999999999999
23/01/2006;0.00062865
24/01/2006;0.0006296699999999999
25/01/2006;0.0006303499999999999
26/01/2006;0.0006327199999999999
27/01/2006;0.00063001
30/01/2006;0.00062763
31/01/2006;0.0006266199999999999
01/02/2006;0.00062831
02/02/2006;0.00062933
03/02/2006;0.00062933
06/02/2006;0.00062933
07/02/2006;0.00062933
08/02/2006;0.00062933
09/02/2006;0.00062933
10/02/2006;0.00062899
13/02/2006;0.00062865
14/02/2006;0.00062899
15/02/2006;0.00063068
16/02/2006;0.0006303499999999999
17/02/2006;0.00063068
20/02/2006;0.00063068
21/02/2006;0.00063068
22/02/2006;0.00063136
23/02/2006;0.00063136
24/02/2006;0.00063305
01/03/2006;0.00063305
02/03/2006;0.00063305
03/03/2006;0.0006327199999999999
06/03/2006;0.00063238
07/03/2006;0.0006320399999999999
08/03/2006;0.00063136
09/03/2006;0.00060656
10/03/2006;0.00060588
13/03/2006;0.00060588
14/03/2006;0.00060554
15/03/2006;0.0006052
16/03/2006;0.00060486
17/03/2006;0.00060486
20/03/2006;0.00060486
21/03/2006;0.00060486
22/03/2006;0.0006052
23/03/2006;0.00060588
24/03/2006;0.0006052
27/03/2006;0.0006052
28/03/2006;0.00060554
29/03/2006;0.00060554
30/03/2006;0.00060588
31/03/2006;0.00060656
03/04/2006;0.00060452
04/04/2006;0.00060383
05/04/2006;0.00060349
06/04/2006;0.00060315
07/04/2006;0.0006028100000000001
10/04/2006;0.0006028100000000001
11/04/2006;0.0006028100000000001
12/04/2006;0.0006028100000000001
13/04/2006;0.0006028100000000001
17/04/2006;0.0006028100000000001
18/04/2006;0.0006028100000000001
19/04/2006;0.0006028100000000001
20/04/2006;0.00057714
24/04/2006;0.0005768
25/04/2006;0.00057646
26/04/2006;0.00057611
27/04/2006;0.00057646
28/04/2006;0.00057886
02/05/2006;0.00057852
03/05/2006;0.00057852
04/05/2006;0.00057783
05/05/2006;0.00057852
08/05/2006;0.00057886
09/05/2006;0.00057817
10/05/2006;0.0005774900000000001
11/05/2006;0.00057714
12/05/2006;0.0005774900000000001
15/05/2006;0.00057852
16/05/2006;0.0005792
17/05/2006;0.0005774900000000001
18/05/2006;0.00057714
19/05/2006;0.0005768
22/05/2006;0.00057646
23/05/2006;0.00057646
24/05/2006;0.00057646
25/05/2006;0.0005768
26/05/2006;0.00057646
29/05/2006;0.00057646
30/05/2006;0.0005768
31/05/2006;0.00057714
01/06/2006;0.00055994
02/06/2006;0.00056063
05/06/2006;0.00056097
06/06/2006;0.00055994
07/06/2006;0.0005596
08/06/2006;0.0005596
09/06/2006;0.0005596
12/06/2006;0.00055994
13/06/2006;0.00055994
14/06/2006;0.0005596
16/06/2006;0.0005596
19/06/2006;0.0005596
20/06/2006;0.0005596
21/06/2006;0.00055994
22/06/2006;0.0005596
23/06/2006;0.0005596
26/06/2006;0.0005596
27/06/2006;0.0005592500000000001
28/06/2006;0.0005592500000000001
29/06/2006;0.00055891
30/06/2006;0.00056097
03/07/2006;0.00056097
04/07/2006;0.00056028
05/07/2006;0.00056028
06/07/2006;0.00055994
07/07/2006;0.0005596
10/07/2006;0.0005596
11/07/2006;0.0005592500000000001
12/07/2006;0.0005596
13/07/2006;0.0005592500000000001
14/07/2006;0.00055891
17/07/2006;0.0005592500000000001
18/07/2006;0.0005592500000000001
19/07/2006;0.00055891
20/07/2006;0.00054197
21/07/2006;0.00054162
24/07/2006;0.00054128
25/07/2006;0.00054128
26/07/2006;0.00054093
27/07/2006;0.00054058
28/07/2006;0.00054058
31/07/2006;0.00054197
01/08/2006;0.00054128
02/08/2006;0.00054128
03/08/2006;0.00054128
04/08/2006;0.00054128
07/08/2006;0.00054093
08/08/2006;0.00054128
09/08/2006;0.00054128
10/08/2006;0.00054093
11/08/2006;0.00054162
14/08/2006;0.00054197
15/08/2006;0.00054232
16/08/2006;0.00054232
17/08/2006;0.00054197
18/08/2006;0.00054232
21/08/2006;0.00054232
22/08/2006;0.00054232
23/08/2006;0.00054197
24/08/2006;0.00054162
25/08/2006;0.00054162
28/08/2006;0.00054128
29/08/2006;0.00054128
30/08/2006;0.00054058
31/08/2006;0.00052392
01/09/2006;0.00052461
04/09/2006;0.00052461
05/09/2006;0.00052427
06/09/2006;0.00052461
08/09/2006;0.00052427
11/09/2006;0.00052392
12/09/2006;0.00052322
13/09/2006;0.00052357
14/09/2006;0.00052357
15/09/2006;0.00052322
18/09/2006;0.00052322
19/09/2006;0.00052357
20/09/2006;0.00052322
21/09/2006;0.00052322
22/09/2006;0.00052322
25/09/2006;0.00052392
26/09/2006;0.00052357
27/09/2006;0.00052461
28/09/2006;0.00052461
29/09/2006;0.00052635
02/10/2006;0.0005256600000000001
03/10/2006;0.00052496
04/10/2006;0.00052496
05/10/2006;0.00052496
06/10/2006;0.00052461
09/10/2006;0.00052392
10/10/2006;0.00052357
11/10/2006;0.00052322
13/10/2006;0.00052287
16/10/2006;0.00052287
17/10/2006;0.00052322
18/10/2006;0.00052357
19/10/2006;0.00050613
20/10/2006;0.00050613
23/10/2006;0.00050613
24/10/2006;0.00050613
25/10/2006;0.00050613
26/10/2006;0.00050613
27/10/2006;0.00050613
30/10/2006;0.0005057799999999999
31/10/2006;0.00050788
01/11/2006;0.00050753
03/11/2006;0.00050753
06/11/2006;0.00050893
07/11/2006;0.00050858
08/11/2006;0.00050788
09/11/2006;0.00050718
10/11/2006;0.00050718
13/11/2006;0.00050718
14/11/2006;0.00050718
16/11/2006;0.00050683
17/11/2006;0.00050648
20/11/2006;0.00050648
21/11/2006;0.00050683
22/11/2006;0.00050648
23/11/2006;0.00050683
24/11/2006;0.00050648
27/11/2006;0.00050648
28/11/2006;0.00050613
29/11/2006;0.00050613
30/11/2006;0.00048967
01/12/2006;0.00049002
04/12/2006;0.00049037
05/12/2006;0.00049037
06/12/2006;0.00049002
07/12/2006;0.00048932
08/12/2006;0.00048967
11/12/2006;0.00048897
12/12/2006;0.00048862
13/12/2006;0.00048862
14/12/2006;0.00048862
15/12/2006;0.00048897
18/12/2006;0.00048932
19/12/2006;0.00049002
20/12/2006;0.00049037
21/12/2006;0.00049037
22/12/2006;0.00049002
26/12/2006;0.00049073
27/12/2006;0.00049073
28/12/2006;0.00049108
29/12/2006;0.00049108
02/01/2007;0.00049073
03/01/2007;0.00049073
04/01/2007;0.00049073
05/01/2007;0.00049108
08/01/2007;0.00049143
09/01/2007;0.00049143
10/01/2007;0.00049037
11/01/2007;0.00048932
12/01/2007;0.00048967
15/01/2007;0.00049002
16/01/2007;0.00048932
17/01/2007;0.00048932
18/01/2007;0.00048967
19/01/2007;0.00048897
22/01/2007;0.00048932
23/01/2007;0.00048932
24/01/2007;0.00048510999999999997
25/01/2007;0.00048054
26/01/2007;0.00047947999999999996
29/01/2007;0.00047983
30/01/2007;0.00048054
31/01/2007;0.00048194
01/02/2007;0.0004823
02/02/2007;0.00048194
05/02/2007;0.0004823
06/02/2007;0.00048159
07/02/2007;0.00048124
08/02/2007;0.00048124
09/02/2007;0.00048089
12/02/2007;0.00048089
13/02/2007;0.00048124
14/02/2007;0.00048124
15/02/2007;0.00048089
16/02/2007;0.00048124
21/02/2007;0.00048194
22/02/2007;0.00048054
23/02/2007;0.00048054
26/02/2007;0.00048054
27/02/2007;0.00048018999999999997
28/02/2007;0.00048159
01/03/2007;0.00048159
02/03/2007;0.00048159
05/03/2007;0.00048159
06/03/2007;0.00048124
07/03/2007;0.00048054
08/03/2007;0.00047244
09/03/2007;0.00047314000000000004
12/03/2007;0.00047279
13/03/2007;0.00047173
14/03/2007;0.00047209
15/03/2007;0.00047209
16/03/2007;0.00047279
19/03/2007;0.00047279
20/03/2007;0.00047244
21/03/2007;0.00047279
22/03/2007;0.00047209
23/03/2007;0.00047138
26/03/2007;0.00047103
27/03/2007;0.00047103
28/03/2007;0.00047138
29/03/2007;0.00047173
30/03/2007;0.00047314000000000004
02/04/2007;0.0004735
03/04/2007;0.00047279
04/04/2007;0.00047244
05/04/2007;0.00047314000000000004
09/04/2007;0.00047279
10/04/2007;0.00047209
11/04/2007;0.00047209
12/04/2007;0.00047209
13/04/2007;0.00047209
16/04/2007;0.00047244
17/04/2007;0.00047173
18/04/2007;0.00047103
19/04/2007;0.00046290999999999997
20/04/2007;0.00046290999999999997
23/04/2007;0.00046256
24/04/2007;0.00046185
25/04/2007;0.00046149999999999994
26/04/2007;0.00046149999999999994
27/04/2007;0.00046149999999999994
30/04/2007;0.00046149999999999994
02/05/2007;0.00046149999999999994
03/05/2007;0.00046149999999999994
04/05/2007;0.00046185
07/05/2007;0.00046256
08/05/2007;0.00046221
09/05/2007;0.00046221
10/05/2007;0.00046256
11/05/2007;0.00046221
14/05/2007;0.00046256
15/05/2007;0.00046221
16/05/2007;0.00046185
17/05/2007;0.00046256
18/05/2007;0.00046221
21/05/2007;0.00046221
22/05/2007;0.00046221
23/05/2007;0.00046221
24/05/2007;0.00046185
25/05/2007;0.00046256
28/05/2007;0.00046290999999999997
29/05/2007;0.00046327
30/05/2007;0.00046290999999999997
31/05/2007;0.00046362
01/06/2007;0.00046362
04/06/2007;0.00046362
05/06/2007;0.00046397
06/06/2007;0.00046327
08/06/2007;0.00044556
11/06/2007;0.00044556
12/06/2007;0.00044521
13/06/2007;0.00044521
14/06/2007;0.00044484999999999994
15/06/2007;0.00044484999999999994
18/06/2007;0.00044521
19/06/2007;0.00044521
20/06/2007;0.00044484999999999994
21/06/2007;0.00044484999999999994
22/06/2007;0.00044484999999999994
25/06/2007;0.00044484999999999994
26/06/2007;0.00044484999999999994
27/06/2007;0.00044484999999999994
28/06/2007;0.00044521
29/06/2007;0.00044592
02/07/2007;0.00044556
03/07/2007;0.00044521
04/07/2007;0.00044521
05/07/2007;0.00044521
06/07/2007;0.00044556
09/07/2007;0.00044592
10/07/2007;0.00044521
11/07/2007;0.00044556
12/07/2007;0.00044521
13/07/2007;0.00044484999999999994
16/07/2007;0.00044484999999999994
17/07/2007;0.00044484999999999994
18/07/2007;0.00044556
19/07/2007;0.00042671
20/07/2007;0.00042742
23/07/2007;0.00042777999999999995
24/07/2007;0.00042814
25/07/2007;0.00042777999999999995
26/07/2007;0.00042742
27/07/2007;0.00042777999999999995
30/07/2007;0.00042777999999999995
31/07/2007;0.00042742
01/08/2007;0.00042777999999999995
02/08/2007;0.00042814
03/08/2007;0.00042848999999999996
06/08/2007;0.00042848999999999996
07/08/2007;0.00042777999999999995
08/08/2007;0.00042742
09/08/2007;0.00042707000000000004
10/08/2007;0.00042742
13/08/2007;0.00042707000000000004
14/08/2007;0.00042742
15/08/2007;0.00042707000000000004
16/08/2007;0.00042707000000000004
17/08/2007;0.00042742
20/08/2007;0.00042742
21/08/2007;0.00042707000000000004
22/08/2007;0.00042707000000000004
23/08/2007;0.00042671
24/08/2007;0.00042742
27/08/2007;0.00042707000000000004
28/08/2007;0.00042707000000000004
29/08/2007;0.00042707000000000004
30/08/2007;0.00042707000000000004
31/08/2007;0.00042921
03/09/2007;0.00043027
04/09/2007;0.00042814
05/09/2007;0.00042742
06/09/2007;0.00041922
10/09/2007;0.00041922
11/09/2007;0.00041886
12/09/2007;0.0004185
13/09/2007;0.00041813999999999995
14/09/2007;0.0004185
17/09/2007;0.00041813999999999995
18/09/2007;0.0004185
19/09/2007;0.00041778999999999997
20/09/2007;0.00041743000000000005
21/09/2007;0.00041743000000000005
24/09/2007;0.00041707
25/09/2007;0.00041707
26/09/2007;0.00041743000000000005
27/09/2007;0.00041778999999999997
28/09/2007;0.0004185
01/10/2007;0.0004185
02/10/2007;0.0004185
03/10/2007;0.00041813999999999995
04/10/2007;0.00041813999999999995
05/10/2007;0.00041813999999999995
08/10/2007;0.00041813999999999995
09/10/2007;0.00041813999999999995
10/10/2007;0.00041813999999999995
11/10/2007;0.00041813999999999995
15/10/2007;0.0004185
16/10/2007;0.0004185
17/10/2007;0.00041743000000000005
18/10/2007;0.00041778999999999997
19/10/2007;0.00041813999999999995
22/10/2007;0.0004185
23/10/2007;0.00041813999999999995
24/10/2007;0.0004185
25/10/2007;0.0004185
26/10/2007;0.00041813999999999995
29/10/2007;0.0004185
30/10/2007;0.00041813999999999995
31/10/2007;0.00041743000000000005
01/11/2007;0.00041778999999999997
05/11/2007;0.00041813999999999995
06/11/2007;0.00041813999999999995
07/11/2007;0.00041813999999999995
08/11/2007;0.00041778999999999997
09/11/2007;0.00041778999999999997
12/11/2007;0.00041813999999999995
13/11/2007;0.00041886
14/11/2007;0.00041813999999999995
16/11/2007;0.00041778999999999997
19/11/2007;0.00041886
20/11/2007;0.00041886
21/11/2007;0.00041886
22/11/2007;0.0004185
23/11/2007;0.00041778999999999997
26/11/2007;0.00041813999999999995
27/11/2007;0.00041886
28/11/2007;0.00041813999999999995
29/11/2007;0.00041778999999999997
30/11/2007;0.0004185
03/12/2007;0.00041886
04/12/2007;0.00041886
05/12/2007;0.00041922
06/12/2007;0.0004185
07/12/2007;0.00041778999999999997
10/12/2007;0.00041813999999999995
11/12/2007;0.00041743000000000005
12/12/2007;0.00041743000000000005
13/12/2007;0.00041707
14/12/2007;0.00041707
17/12/2007;0.00041707
18/12/2007;0.00041743000000000005
19/12/2007;0.00041778999999999997
20/12/2007;0.00041743000000000005
21/12/2007;0.00041886
24/12/2007;0.00041886
26/12/2007;0.00041813999999999995
27/12/2007;0.00041813999999999995
28/12/2007;0.0004185
31/12/2007;0.0004185
02/01/2008;0.00041743000000000005
03/01/2008;0.00041743000000000005
04/01/2008;0.00041563999999999994
07/01/2008;0.00041707
08/01/2008;0.00041743000000000005
09/01/2008;0.00041778999999999997
10/01/2008;0.00041813999999999995
11/01/2008;0.00041743000000000005
14/01/2008;0.00041743000000000005
15/01/2008;0.00041707
16/01/2008;0.00041707
17/01/2008;0.00041672
18/01/2008;0.00041672
21/01/2008;0.00041707
22/01/2008;0.00041707
23/01/2008;0.00041707
24/01/2008;0.00041743000000000005
25/01/2008;0.00041743000000000005
28/01/2008;0.00041743000000000005
29/01/2008;0.00041707
30/01/2008;0.00041743000000000005
31/01/2008;0.00041778999999999997
01/02/2008;0.00041743000000000005
06/02/2008;0.00041778999999999997
07/02/2008;0.00041743000000000005
08/02/2008;0.00041707
11/02/2008;0.00041743000000000005
12/02/2008;0.00041743000000000005
13/02/2008;0.00041707
14/02/2008;0.00041672
15/02/2008;0.00041636
18/02/2008;0.00041672
19/02/2008;0.00041636
20/02/2008;0.00041636
21/02/2008;0.000416
22/02/2008;0.00041636
25/02/2008;0.00041636
26/02/2008;0.00041672
27/02/2008;0.00041672
28/02/2008;0.00041707
29/02/2008;0.00041707
03/03/2008;0.00041778999999999997
04/03/2008;0.00041743000000000005
05/03/2008;0.00041707
06/03/2008;0.00041707
07/03/2008;0.00041743000000000005
10/03/2008;0.00041743000000000005
11/03/2008;0.00041778999999999997
12/03/2008;0.00041707
13/03/2008;0.00041707
14/03/2008;0.00041778999999999997
17/03/2008;0.00041743000000000005
18/03/2008;0.00041743000000000005
19/03/2008;0.00041778999999999997
20/03/2008;0.00041813999999999995
24/03/2008;0.00041778999999999997
25/03/2008;0.00041778999999999997
26/03/2008;0.00041743000000000005
27/03/2008;0.00041743000000000005
28/03/2008;0.00041743000000000005
31/03/2008;0.00041957
01/04/2008;0.00041922
02/04/2008;0.00041778999999999997
03/04/2008;0.00041957
04/04/2008;0.00041886
07/04/2008;0.00041957
08/04/2008;0.00041813999999999995
09/04/2008;0.00041778999999999997
10/04/2008;0.00041813999999999995
11/04/2008;0.00041813999999999995
14/04/2008;0.00041813999999999995
15/04/2008;0.0004185
16/04/2008;0.0004185
17/04/2008;0.00043632999999999996
18/04/2008;0.00043632999999999996
22/04/2008;0.00043597
23/04/2008;0.0004349
24/04/2008;0.0004349
25/04/2008;0.00043526000000000003
28/04/2008;0.0004349
29/04/2008;0.00043455
30/04/2008;0.00043455
02/05/2008;0.0004349
05/05/2008;0.00043419
06/05/2008;0.00043419
07/05/2008;0.00043384
08/05/2008;0.00043384
09/05/2008;0.00043419
12/05/2008;0.00043419
13/05/2008;0.00043419
14/05/2008;0.00043348
15/05/2008;0.00043348
16/05/2008;0.00043348
19/05/2008;0.00043312000000000005
20/05/2008;0.00043384
21/05/2008;0.00043384
23/05/2008;0.00043348
26/05/2008;0.00043384
27/05/2008;0.00043384
28/05/2008;0.00043348
29/05/2008;0.00043312000000000005
30/05/2008;0.00043384
02/06/2008;0.00043419
03/06/2008;0.00043348
04/06/2008;0.00043312000000000005
05/06/2008;0.00045088
06/06/2008;0.00045088
09/06/2008;0.00045124
10/06/2008;0.00045193999999999996
11/06/2008;0.0004523
12/06/2008;0.00045264999999999997
13/06/2008;0.0004523
16/06/2008;0.0004523
17/06/2008;0.00045264999999999997
18/06/2008;0.00045193999999999996
19/06/2008;0.00045193999999999996
20/06/2008;0.00045193999999999996
23/06/2008;0.00045301
24/06/2008;0.00045264999999999997
25/06/2008;0.00045264999999999997
26/06/2008;0.0004523
27/06/2008;0.0004523
30/06/2008;0.00045301
01/07/2008;0.00045619
02/07/2008;0.00045442000000000003
03/07/2008;0.00045336000000000004
04/07/2008;0.00045407000000000005
07/07/2008;0.00045372
08/07/2008;0.00045442000000000003
09/07/2008;0.00045477999999999995
10/07/2008;0.00045407000000000005
11/07/2008;0.00045372
14/07/2008;0.00045301
15/07/2008;0.00045264999999999997
16/07/2008;0.00045336000000000004
17/07/2008;0.00045301
18/07/2008;0.00045301
21/07/2008;0.00045336000000000004
22/07/2008;0.00045264999999999997
23/07/2008;0.0004523
24/07/2008;0.00047947999999999996
25/07/2008;0.00047947999999999996
28/07/2008;0.00047913
29/07/2008;0.00047913
30/07/2008;0.00047947999999999996
31/07/2008;0.00047983
01/08/2008;0.00048089
04/08/2008;0.00048018999999999997
05/08/2008;0.00048054
06/08/2008;0.00048054
07/08/2008;0.00048054
08/08/2008;0.00048018999999999997
11/08/2008;0.00047947999999999996
12/08/2008;0.00047947999999999996
13/08/2008;0.00047983
14/08/2008;0.00047983
15/08/2008;0.00047983
18/08/2008;0.00048089
19/08/2008;0.00048054
20/08/2008;0.00048018999999999997
21/08/2008;0.00048018999999999997
22/08/2008;0.00047947999999999996
25/08/2008;0.00047983
26/08/2008;0.00047947999999999996
27/08/2008;0.00047947999999999996
28/08/2008;0.00047947999999999996
29/08/2008;0.00047878
01/09/2008;0.00047947999999999996
02/09/2008;0.00047913
03/09/2008;0.00048054
04/09/2008;0.00047947999999999996
05/09/2008;0.00047842999999999996
08/09/2008;0.00048124
09/09/2008;0.00048018999999999997
10/09/2008;0.00048089
11/09/2008;0.00050718
12/09/2008;0.0005057799999999999
15/09/2008;0.0005057799999999999
16/09/2008;0.00050613
17/09/2008;0.00050543
18/09/2008;0.00050543
19/09/2008;0.00050788
22/09/2008;0.00050893
23/09/2008;0.00050683
24/09/2008;0.0005057799999999999
25/09/2008;0.00050613
26/09/2008;0.00050613
29/09/2008;0.00050543
30/09/2008;0.0005057799999999999
01/10/2008;0.00050543
02/10/2008;0.00050648
03/10/2008;0.00050788
06/10/2008;0.00051137
07/10/2008;0.0005096300000000001
08/10/2008;0.00050858
09/10/2008;0.00050788
10/10/2008;0.00050823
13/10/2008;0.00050998
14/10/2008;0.00050753
15/10/2008;0.00050893
16/10/2008;0.00050823
17/10/2008;0.00050753
20/10/2008;0.00050858
21/10/2008;0.00050683
22/10/2008;0.00050439
23/10/2008;0.00050613
24/10/2008;0.00050718
27/10/2008;0.00050718
28/10/2008;0.00050753
29/10/2008;0.00050683
30/10/2008;0.00050508
31/10/2008;0.0005057799999999999
03/11/2008;0.00050543
04/11/2008;0.0005047399999999999
05/11/2008;0.0005047399999999999
06/11/2008;0.00050264
07/11/2008;0.0005022900000000001
10/11/2008;0.00050264
11/11/2008;0.00050124
12/11/2008;0.00049914
13/11/2008;0.00049353
14/11/2008;0.00049388
17/11/2008;0.00049493
18/11/2008;0.00049388
19/11/2008;0.0004823
20/11/2008;0.00048054
21/11/2008;0.00048792000000000003
24/11/2008;0.00049073
25/11/2008;0.00049002
26/11/2008;0.00049037
27/11/2008;0.00049283
28/11/2008;0.00049774
01/12/2008;0.00050159
02/12/2008;0.00050194
03/12/2008;0.00050124
04/12/2008;0.00050159
05/12/2008;0.00050124
08/12/2008;0.00050124
09/12/2008;0.00050159
10/12/2008;0.00050124
11/12/2008;0.00050124
12/12/2008;0.00050089
15/12/2008;0.00050124
16/12/2008;0.00050124
17/12/2008;0.00050194
18/12/2008;0.00050264
19/12/2008;0.00050124
22/12/2008;0.00050299
23/12/2008;0.00050159
24/12/2008;0.00050334
26/12/2008;0.00050299
29/12/2008;0.0005057799999999999
30/12/2008;0.00050648
31/12/2008;0.00050683
02/01/2009;0.00050683
05/01/2009;0.0005057799999999999
06/01/2009;0.00050613
07/01/2009;0.00050648
08/01/2009;0.00050613
09/01/2009;0.00050648
12/01/2009;0.00050613
13/01/2009;0.00050613
14/01/2009;0.00050613
15/01/2009;0.00050683
16/01/2009;0.00050648
19/01/2009;0.00049844
20/01/2009;0.00050089
21/01/2009;0.00050648
22/01/2009;0.00047138
23/01/2009;0.00047138
26/01/2009;0.00047173
27/01/2009;0.00047173
28/01/2009;0.00047173
29/01/2009;0.00047173
30/01/2009;0.00047138
02/02/2009;0.00047209
03/02/2009;0.00047173
04/02/2009;0.00047209
05/02/2009;0.00047209
06/02/2009;0.00047209
09/02/2009;0.00047173
10/02/2009;0.00047209
11/02/2009;0.00047173
12/02/2009;0.00047209
13/02/2009;0.00047173
16/02/2009;0.00047209
17/02/2009;0.00047173
18/02/2009;0.00047173
19/02/2009;0.00047173
20/02/2009;0.00047173
25/02/2009;0.00047173
26/02/2009;0.00047173
27/02/2009;0.00047103
02/03/2009;0.00047138
03/03/2009;0.00047173
04/03/2009;0.00047173
05/03/2009;0.00047173
06/03/2009;0.00047173
09/03/2009;0.00047173
10/03/2009;0.00047173
11/03/2009;0.00047103
12/03/2009;0.0004185
13/03/2009;0.0004185
16/03/2009;0.000416
17/03/2009;0.00041493000000000004
18/03/2009;0.00041813999999999995
19/03/2009;0.00041886
20/03/2009;0.00041886
23/03/2009;0.00041886
24/03/2009;0.0004185
25/03/2009;0.0004185
26/03/2009;0.0004185
27/03/2009;0.00041778999999999997
30/03/2009;0.00041529
31/03/2009;0.00041707
01/04/2009;0.00041886
02/04/2009;0.00041886
03/04/2009;0.00041886
06/04/2009;0.00041886
07/04/2009;0.00041886
08/04/2009;0.00041886
09/04/2009;0.00041886
13/04/2009;0.00041529
14/04/2009;0.00041493000000000004
15/04/2009;0.00041886
16/04/2009;0.00041886
17/04/2009;0.00041636
20/04/2009;0.00041672
22/04/2009;0.0004185
23/04/2009;0.00041886
24/04/2009;0.00041886
27/04/2009;0.00041886
28/04/2009;0.0004185
29/04/2009;0.00041386
30/04/2009;0.00038261
04/05/2009;0.00038298
05/05/2009;0.00038298
06/05/2009;0.00038298
07/05/2009;0.00038298
08/05/2009;0.00038261
11/05/2009;0.00038261
12/05/2009;0.00038261
13/05/2009;0.00038261
14/05/2009;0.00038261
15/05/2009;0.00038298
18/05/2009;0.00038298
19/05/2009;0.00038298
20/05/2009;0.00038298
21/05/2009;0.00037901
22/05/2009;0.00037793
25/05/2009;0.00037756
26/05/2009;0.00038261
27/05/2009;0.00038261
28/05/2009;0.00038189
29/05/2009;0.00037865
01/06/2009;0.00037829000000000004
02/06/2009;0.00038189
03/06/2009;0.00038009000000000003
04/06/2009;0.00038153
05/06/2009;0.00038189
08/06/2009;0.00037865
09/06/2009;0.00037468
10/06/2009;0.00037611999999999997
12/06/2009;0.00034604000000000004
15/06/2009;0.0003424
16/06/2009;0.00034167
17/06/2009;0.00034167
18/06/2009;0.00034202999999999995
19/06/2009;0.0003424
22/06/2009;0.00034131
23/06/2009;0.00034131
24/06/2009;0.00034093999999999997
25/06/2009;0.00034167
26/06/2009;0.00034639999999999996
29/06/2009;0.00034604000000000004
30/06/2009;0.00034058
01/07/2009;0.00034494999999999996
02/07/2009;0.00034567
03/07/2009;0.00034604000000000004
06/07/2009;0.00034639999999999996
07/07/2009;0.00034639999999999996
08/07/2009;0.00034276
09/07/2009;0.0003424
10/07/2009;0.00034677
13/07/2009;0.00034639999999999996
14/07/2009;0.00034202999999999995
15/07/2009;0.00034058
16/07/2009;0.00034677
17/07/2009;0.00034677
20/07/2009;0.00034677
21/07/2009;0.00034639999999999996
22/07/2009;0.00034202999999999995
23/07/2009;0.00032816999999999997
24/07/2009;0.00032816999999999997
27/07/2009;0.00032816999999999997
28/07/2009;0.00032415
29/07/2009;0.00032816999999999997
30/07/2009;0.00032779999999999994
31/07/2009;0.00032779999999999994
03/08/2009;0.00032854
04/08/2009;0.00032779999999999994
05/08/2009;0.00032779999999999994
06/08/2009;0.00032816999999999997
07/08/2009;0.00032816999999999997
10/08/2009;0.00032816999999999997
11/08/2009;0.00032816999999999997
12/08/2009;0.00032816999999999997
13/08/2009;0.00032816999999999997
14/08/2009;0.00032816999999999997
17/08/2009;0.00032816999999999997
18/08/2009;0.00032816999999999997
19/08/2009;0.00032854
20/08/2009;0.00032854
21/08/2009;0.00032816999999999997
24/08/2009;0.00032816999999999997
25/08/2009;0.00032816999999999997
26/08/2009;0.00032816999999999997
27/08/2009;0.00032816999999999997
28/08/2009;0.00032816999999999997
31/08/2009;0.00032816999999999997
01/09/2009;0.00032816999999999997
02/09/2009;0.00032816999999999997
03/09/2009;0.00032816999999999997
04/09/2009;0.00032816999999999997
08/09/2009;0.00032816999999999997
09/09/2009;0.00032854
10/09/2009;0.00032854
11/09/2009;0.00032854
14/09/2009;0.00032854
15/09/2009;0.00032816999999999997
16/09/2009;0.00032854
17/09/2009;0.00032816999999999997
18/09/2009;0.00032854
21/09/2009;0.00032816999999999997
22/09/2009;0.00032854
23/09/2009;0.00032854
24/09/2009;0.00032816999999999997
25/09/2009;0.00032816999999999997
28/09/2009;0.00032816999999999997
29/09/2009;0.00032707
30/09/2009;0.00032744
01/10/2009;0.00032816999999999997
02/10/2009;0.00032816999999999997
05/10/2009;0.00032816999999999997
06/10/2009;0.00032816999999999997
07/10/2009;0.00032816999999999997
08/10/2009;0.00032779999999999994
09/10/2009;0.00032779999999999994
13/10/2009;0.00032779999999999994
14/10/2009;0.00032779999999999994
15/10/2009;0.00032779999999999994
16/10/2009;0.00032816999999999997
19/10/2009;0.00032816999999999997
20/10/2009;0.00032816999999999997
21/10/2009;0.00032816999999999997
22/10/2009;0.00032816999999999997
23/10/2009;0.00032816999999999997
26/10/2009;0.00032816999999999997
27/10/2009;0.00032816999999999997
28/10/2009;0.00032779999999999994
29/10/2009;0.00032816999999999997
30/10/2009;0.00032816999999999997
03/11/2009;0.00032854
04/11/2009;0.00032854
05/11/2009;0.00032854
06/11/2009;0.00032854
09/11/2009;0.00032854
10/11/2009;0.00032854
11/11/2009;0.0003289
12/11/2009;0.00032854
13/11/2009;0.00032854
16/11/2009;0.00032854
17/11/2009;0.00032816999999999997
18/11/2009;0.00032816999999999997
19/11/2009;0.00032816999999999997
20/11/2009;0.00032854
23/11/2009;0.00032779999999999994
24/11/2009;0.0003289
25/11/2009;0.00032927
26/11/2009;0.00032927
27/11/2009;0.00032744
30/11/2009;0.00032816999999999997
01/12/2009;0.00032744
02/12/2009;0.00032854
03/12/2009;0.00032854
04/12/2009;0.00032816999999999997
07/12/2009;0.00032598
08/12/2009;0.00032779999999999994
09/12/2009;0.00032854
10/12/2009;0.00032816999999999997
11/12/2009;0.00032816999999999997
14/12/2009;0.00032816999999999997
15/12/2009;0.00032854
16/12/2009;0.00032854
17/12/2009;0.00032854
18/12/2009;0.00032854
21/12/2009;0.0003289
22/12/2009;0.00032816999999999997
23/12/2009;0.00032779999999999994
24/12/2009;0.00032779999999999994
28/12/2009;0.00032816999999999997
29/12/2009;0.00032816999999999997
30/12/2009;0.00032561
31/12/2009;0.00032561
04/01/2010;0.00032779999999999994
05/01/2010;0.00032779999999999994
06/01/2010;0.00032779999999999994
07/01/2010;0.00032816999999999997
08/01/2010;0.00032816999999999997
11/01/2010;0.00032816999999999997
12/01/2010;0.00032816999999999997
13/01/2010;0.00032816999999999997
14/01/2010;0.00032816999999999997
15/01/2010;0.00032779999999999994
18/01/2010;0.00032779999999999994
19/01/2010;0.00032779999999999994
20/01/2010;0.00032816999999999997
21/01/2010;0.00032816999999999997
22/01/2010;0.00032816999999999997
25/01/2010;0.00032816999999999997
26/01/2010;0.00032816999999999997
27/01/2010;0.00032816999999999997
28/01/2010;0.00032816999999999997
29/01/2010;0.00032854
01/02/2010;0.00032854
02/02/2010;0.00032816999999999997
03/02/2010;0.00032779999999999994
04/02/2010;0.00032816999999999997
05/02/2010;0.00032816999999999997
08/02/2010;0.00032816999999999997
09/02/2010;0.00032816999999999997
10/02/2010;0.00032816999999999997
11/02/2010;0.00032816999999999997
12/02/2010;0.00032816999999999997
17/02/2010;0.00032816999999999997
18/02/2010;0.00032854
19/02/2010;0.00032854
22/02/2010;0.00032854
23/02/2010;0.00032854
24/02/2010;0.00032816999999999997
25/02/2010;0.00032816999999999997
26/02/2010;0.00032816999999999997
01/03/2010;0.00032779999999999994
02/03/2010;0.00032816999999999997
03/03/2010;0.00032816999999999997
04/03/2010;0.00032779999999999994
05/03/2010;0.00032779999999999994
08/03/2010;0.00032854
09/03/2010;0.00032854
10/03/2010;0.00032854
11/03/2010;0.00032816999999999997
12/03/2010;0.00032779999999999994
15/03/2010;0.00032816999999999997
16/03/2010;0.00032779999999999994
17/03/2010;0.00032816999999999997
18/03/2010;0.00032779999999999994
19/03/2010;0.00032816999999999997
22/03/2010;0.00032816999999999997
23/03/2010;0.00032816999999999997
24/03/2010;0.00032816999999999997
25/03/2010;0.00032779999999999994
26/03/2010;0.00032744
29/03/2010;0.00032598
30/03/2010;0.00032707
31/03/2010;0.00032779999999999994
01/04/2010;0.00032670999999999997
05/04/2010;0.00032779999999999994
06/04/2010;0.00032816999999999997
07/04/2010;0.00032854
08/04/2010;0.00032816999999999997
09/04/2010;0.00032816999999999997
12/04/2010;0.00032854
13/04/2010;0.00032816999999999997
14/04/2010;0.00032779999999999994
15/04/2010;0.00032816999999999997
16/04/2010;0.00032854
19/04/2010;0.00032854
20/04/2010;0.00032854
22/04/2010;0.00032816999999999997
23/04/2010;0.00032816999999999997
26/04/2010;0.00032816999999999997
27/04/2010;0.00032854
28/04/2010;0.00032816999999999997
29/04/2010;0.00035585
30/04/2010;0.00035585
03/05/2010;0.00035694
04/05/2010;0.00035694
05/05/2010;0.00035694
06/05/2010;0.00035621
07/05/2010;0.00035621
10/05/2010;0.00035585
11/05/2010;0.00035548999999999997
12/05/2010;0.00035585
13/05/2010;0.00035585
14/05/2010;0.00035585
17/05/2010;0.00035585
18/05/2010;0.00035548999999999997
19/05/2010;0.00035548999999999997
20/05/2010;0.00035548999999999997
21/05/2010;0.00035548999999999997
24/05/2010;0.00035585
25/05/2010;0.00035585
26/05/2010;0.00035585
27/05/2010;0.00035548999999999997
28/05/2010;0.00035585
31/05/2010;0.00035548999999999997
01/06/2010;0.00035657
02/06/2010;0.00035657
04/06/2010;0.00035621
07/06/2010;0.00035657
08/06/2010;0.00035621
09/06/2010;0.00035585
10/06/2010;0.00038261
11/06/2010;0.00038116999999999996
14/06/2010;0.00038225
15/06/2010;0.00038298
16/06/2010;0.00038261
17/06/2010;0.00038261
18/06/2010;0.00038298
21/06/2010;0.00038298
22/06/2010;0.00038298
23/06/2010;0.00038298
24/06/2010;0.00038298
25/06/2010;0.00038298
28/06/2010;0.00038298
29/06/2010;0.00038298
30/06/2010;0.00038261
01/07/2010;0.00038334
02/07/2010;0.00038334
05/07/2010;0.00038334
06/07/2010;0.00038334
07/07/2010;0.00038334
08/07/2010;0.00038334
09/07/2010;0.00038334
12/07/2010;0.00038334
13/07/2010;0.00038334
14/07/2010;0.00038298
15/07/2010;0.00038334
16/07/2010;0.00038334
19/07/2010;0.00038298
20/07/2010;0.00038334
21/07/2010;0.00038334
22/07/2010;0.00040132
23/07/2010;0.00040132
26/07/2010;0.00040132
27/07/2010;0.00040096
28/07/2010;0.00040096
29/07/2010;0.00040096
30/07/2010;0.00040096
02/08/2010;0.00040168
03/08/2010;0.00040132
04/08/2010;0.00040132
05/08/2010;0.00040132
06/08/2010;0.00040132
09/08/2010;0.00040132
10/08/2010;0.00040132
11/08/2010;0.00040132
12/08/2010;0.00040132
13/08/2010;0.00040132
16/08/2010;0.00040132
17/08/2010;0.00040132
18/08/2010;0.00040096
19/08/2010;0.00040096
20/08/2010;0.00040096
23/08/2010;0.00040096
24/08/2010;0.00040096
25/08/2010;0.00040132
26/08/2010;0.00040096
27/08/2010;0.00040132
30/08/2010;0.00040023999999999995
31/08/2010;0.00040096
01/09/2010;0.00040096
02/09/2010;0.00040096
03/09/2010;0.0004006
06/09/2010;0.00040023999999999995
08/09/2010;0.0004006
09/09/2010;0.00040132
10/09/2010;0.00040096
13/09/2010;0.0004006
14/09/2010;0.0004006
15/09/2010;0.00039916
16/09/2010;0.00039988
17/09/2010;0.0004006
20/09/2010;0.0004006
21/09/2010;0.0004006
22/09/2010;0.0004006
23/09/2010;0.00040096
24/09/2010;0.00040096
27/09/2010;0.00040096
28/09/2010;0.0004006
29/09/2010;0.00039988
30/09/2010;0.00040023999999999995
01/10/2010;0.00040132
04/10/2010;0.00040132
05/10/2010;0.00040132
06/10/2010;0.00040132
07/10/2010;0.00040132
08/10/2010;0.00040132
11/10/2010;0.00040132
13/10/2010;0.00040132
14/10/2010;0.00040096
15/10/2010;0.00040132
18/10/2010;0.00040132
19/10/2010;0.00040132
20/10/2010;0.00040132
21/10/2010;0.00040132
22/10/2010;0.00040132
25/10/2010;0.00040132
26/10/2010;0.00040132
27/10/2010;0.00040132
28/10/2010;0.00040132
29/10/2010;0.00040132
01/11/2010;0.00040132
03/11/2010;0.00040132
04/11/2010;0.00040132
05/11/2010;0.00040132
08/11/2010;0.00040132
09/11/2010;0.00040132
10/11/2010;0.00040096
11/11/2010;0.00040096
12/11/2010;0.00040132
16/11/2010;0.00040132
17/11/2010;0.00040132
18/11/2010;0.00040132
19/11/2010;0.00040132
22/11/2010;0.00040132
23/11/2010;0.00040132
24/11/2010;0.00040132
25/11/2010;0.00040132
26/11/2010;0.00040132
29/11/2010;0.00040132
30/11/2010;0.00040132
01/12/2010;0.00040132
02/12/2010;0.00040132
03/12/2010;0.00040132
06/12/2010;0.00040132
07/12/2010;0.00040132
08/12/2010;0.00040132
09/12/2010;0.00040132
10/12/2010;0.00040168
13/12/2010;0.00040132
14/12/2010;0.00040132
15/12/2010;0.00040132
16/12/2010;0.00040132
17/12/2010;0.00040132
20/12/2010;0.00040132
21/12/2010;0.00040132
22/12/2010;0.00040132
23/12/2010;0.00040132
24/12/2010;0.00040132
27/12/2010;0.00040132
28/12/2010;0.00040132
29/12/2010;0.00040132
30/12/2010;0.00040132
31/12/2010;0.00040132
03/01/2011;0.00040132
04/01/2011;0.00040132
05/01/2011;0.00040132
06/01/2011;0.00040132
07/01/2011;0.00040132
10/01/2011;0.00040132
11/01/2011;0.00040132
12/01/2011;0.00040132
13/01/2011;0.00040132
14/01/2011;0.00040132
17/01/2011;0.00040132
18/01/2011;0.00040132
19/01/2011;0.00040132
20/01/2011;0.00041922
21/01/2011;0.00041922
24/01/2011;0.00041922
25/01/2011;0.00041922
26/01/2011;0.00041922
27/01/2011;0.00041922
28/01/2011;0.00041922
31/01/2011;0.00041922
01/02/2011;0.00041922
02/02/2011;0.00041922
03/02/2011;0.00041922
04/02/2011;0.00041922
07/02/2011;0.00041922
08/02/2011;0.00041922
09/02/2011;0.00041922
10/02/2011;0.00041957
11/02/2011;0.00041922
14/02/2011;0.00041957
15/02/2011;0.00041957
16/02/2011;0.00041957
17/02/2011;0.00041957
18/02/2011;0.00041993
21/02/2011;0.00041993
22/02/2011;0.00041993
23/02/2011;0.00041993
24/02/2011;0.00041993
25/02/2011;0.00041993
28/02/2011;0.00041957
01/03/2011;0.00041993
02/03/2011;0.00041993
03/03/2011;0.00043704
04/03/2011;0.00043704
09/03/2011;0.00043704
10/03/2011;0.00043704
11/03/2011;0.00043704
14/03/2011;0.00043704
15/03/2011;0.00043739
16/03/2011;0.00043739
17/03/2011;0.00043704
18/03/2011;0.00043739
21/03/2011;0.00043704
22/03/2011;0.00043704
23/03/2011;0.00043739
24/03/2011;0.00043739
25/03/2011;0.00043739
28/03/2011;0.00043775
29/03/2011;0.00043775
30/03/2011;0.00043775
31/03/2011;0.00043775
01/04/2011;0.0004381
04/04/2011;0.00043775
05/04/2011;0.00043739
06/04/2011;0.00043704
07/04/2011;0.00043739
08/04/2011;0.00043704
11/04/2011;0.00043704
12/04/2011;0.00043668
13/04/2011;0.00043739
14/04/2011;0.00043775
15/04/2011;0.00043775
18/04/2011;0.00043881000000000004
19/04/2011;0.00043775
20/04/2011;0.00043704
25/04/2011;0.00044556
26/04/2011;0.00044592
27/04/2011;0.00044592
28/04/2011;0.00044592
29/04/2011;0.00044663
02/05/2011;0.00044627
03/05/2011;0.00044627
04/05/2011;0.00044627
05/05/2011;0.00044627
06/05/2011;0.00044627
09/05/2011;0.00044592
10/05/2011;0.00044592
11/05/2011;0.00044556
12/05/2011;0.00044521
13/05/2011;0.00044521
16/05/2011;0.00044484999999999994
17/05/2011;0.00044556
18/05/2011;0.00044556
19/05/2011;0.00044556
20/05/2011;0.00044627
23/05/2011;0.00044627
24/05/2011;0.00044592
25/05/2011;0.00044592
26/05/2011;0.00044556
27/05/2011;0.00044592
30/05/2011;0.00044556
31/05/2011;0.0004445
01/06/2011;0.00044663
02/06/2011;0.00044592
03/06/2011;0.00044592
06/06/2011;0.00044663
07/06/2011;0.00044592
08/06/2011;0.00044556
09/06/2011;0.0004523
10/06/2011;0.00045301
13/06/2011;0.0004523
14/06/2011;0.00045193999999999996
15/06/2011;0.00045442000000000003
16/06/2011;0.00045442000000000003
17/06/2011;0.00045442000000000003
20/06/2011;0.00045407000000000005
21/06/2011;0.00045477999999999995
22/06/2011;0.00045442000000000003
24/06/2011;0.00045407000000000005
27/06/2011;0.00045407000000000005
28/06/2011;0.00045372
29/06/2011;0.00045407000000000005
30/06/2011;0.00045513
01/07/2011;0.00045513
04/07/2011;0.00045513
05/07/2011;0.00045549
06/07/2011;0.00045513
07/07/2011;0.00045513
08/07/2011;0.00045513
11/07/2011;0.00045513
12/07/2011;0.00045513
13/07/2011;0.00045549
14/07/2011;0.00045549
15/07/2011;0.00045549
18/07/2011;0.00045549
19/07/2011;0.00045513
20/07/2011;0.00045513
21/07/2011;0.00046397
22/07/2011;0.00046397
25/07/2011;0.00046432
26/07/2011;0.00046397
27/07/2011;0.00046397
28/07/2011;0.00046397
29/07/2011;0.00046397
01/08/2011;0.00046432
02/08/2011;0.00046397
03/08/2011;0.00046397
04/08/2011;0.00046397
05/08/2011;0.00046397
08/08/2011;0.00046397
09/08/2011;0.00046397
10/08/2011;0.00046397
11/08/2011;0.00046397
12/08/2011;0.00046397
15/08/2011;0.00046397
16/08/2011;0.00046397
17/08/2011;0.00046397
18/08/2011;0.00046362
19/08/2011;0.00046397
22/08/2011;0.00046362
23/08/2011;0.00046397
24/08/2011;0.00046397
25/08/2011;0.00046362
26/08/2011;0.00046362
29/08/2011;0.00046362
30/08/2011;0.00046362
31/08/2011;0.00046362
01/09/2011;0.00044556
02/09/2011;0.00044556
05/09/2011;0.00044556
06/09/2011;0.00044556
08/09/2011;0.00044556
09/09/2011;0.00044556
12/09/2011;0.00044556
13/09/2011;0.00044556
14/09/2011;0.00044556
15/09/2011;0.00044556
16/09/2011;0.00044556
19/09/2011;0.00044521
20/09/2011;0.00044521
21/09/2011;0.00044556
22/09/2011;0.00044556
23/09/2011;0.00044556
26/09/2011;0.00044556
27/09/2011;0.00044556
28/09/2011;0.00044556
29/09/2011;0.00044556
30/09/2011;0.00044556
03/10/2011;0.00044592
04/10/2011;0.00044556
05/10/2011;0.00044556
06/10/2011;0.00044556
07/10/2011;0.00044556
10/10/2011;0.00044556
11/10/2011;0.00044556
13/10/2011;0.00044521
14/10/2011;0.00044521
17/10/2011;0.00044521
18/10/2011;0.00044521
19/10/2011;0.00044556
20/10/2011;0.00042814
21/10/2011;0.00042814
24/10/2011;0.00042814
25/10/2011;0.00042814
26/10/2011;0.00042814
27/10/2011;0.00042814
28/10/2011;0.00042814
31/10/2011;0.00042814
01/11/2011;0.00042814
03/11/2011;0.00042848999999999996
04/11/2011;0.00042814
07/11/2011;0.00042921
08/11/2011;0.00042814
09/11/2011;0.00042777999999999995
10/11/2011;0.00042742
11/11/2011;0.00042742
14/11/2011;0.00042671
16/11/2011;0.00042707000000000004
17/11/2011;0.00042707000000000004
18/11/2011;0.00042742
21/11/2011;0.00042777999999999995
22/11/2011;0.00042777999999999995
23/11/2011;0.00042777999999999995
24/11/2011;0.00042777999999999995
25/11/2011;0.00042707000000000004
28/11/2011;0.00042671
29/11/2011;0.00042635
30/11/2011;0.00042707000000000004
01/12/2011;0.00040956
02/12/2011;0.00040992000000000003
05/12/2011;0.00041028
06/12/2011;0.00040992000000000003
07/12/2011;0.00040956
08/12/2011;0.00040883999999999994
09/12/2011;0.00040813000000000004
12/12/2011;0.00040777
13/12/2011;0.00040813000000000004
14/12/2011;0.00040919999999999997
15/12/2011;0.00040956
16/12/2011;0.00040992000000000003
19/12/2011;0.00041028
20/12/2011;0.00041063000000000004
21/12/2011;0.00041028
22/12/2011;0.00040992000000000003
23/12/2011;0.00040992000000000003
26/12/2011;0.00040883999999999994
27/12/2011;0.00040919999999999997
28/12/2011;0.00040883999999999994
29/12/2011;0.00040956
30/12/2011;0.00040956
02/01/2012;0.00041028
03/01/2012;0.00040992000000000003
04/01/2012;0.00040992000000000003
05/01/2012;0.00040883999999999994
06/01/2012;0.00040919999999999997
09/01/2012;0.00040777
10/01/2012;0.00040813000000000004
11/01/2012;0.00040777
12/01/2012;0.00040741
13/01/2012;0.00040777
16/01/2012;0.00040777
17/01/2012;0.00040741
18/01/2012;0.00040705
19/01/2012;0.00038946
20/01/2012;0.00038982000000000003
23/01/2012;0.00038982000000000003
24/01/2012;0.00039017999999999995
25/01/2012;0.00039017999999999995
26/01/2012;0.00038946
27/01/2012;0.0003891
30/01/2012;0.0003891
31/01/2012;0.00038946
01/02/2012;0.0003891
02/02/2012;0.0003891
03/02/2012;0.00038982000000000003
06/02/2012;0.0003891
07/02/2012;0.0003891
08/02/2012;0.00038874
09/02/2012;0.0003891
10/02/2012;0.0003891
13/02/2012;0.00038837999999999996
14/02/2012;0.00038874
15/02/2012;0.00038874
16/02/2012;0.00038837999999999996
17/02/2012;0.00038982000000000003
22/02/2012;0.00038874
23/02/2012;0.00038874
24/02/2012;0.00038946
27/02/2012;0.00038946
28/02/2012;0.00038837999999999996
29/02/2012;0.00038802000000000004
01/03/2012;0.00038802000000000004
02/03/2012;0.00038766
05/03/2012;0.00038766
06/03/2012;0.0003873
07/03/2012;0.00038621999999999994
08/03/2012;0.00036129
09/03/2012;0.00036056
12/03/2012;0.00035948
13/03/2012;0.00035874999999999997
14/03/2012;0.00035839000000000004
15/03/2012;0.00035839000000000004
16/03/2012;0.00035984
19/03/2012;0.00035948
20/03/2012;0.00035948
21/03/2012;0.00035948
22/03/2012;0.00035948
23/03/2012;0.00036093
26/03/2012;0.00035984
27/03/2012;0.00035984
28/03/2012;0.00035948
29/03/2012;0.00035948
30/03/2012;0.00036093
02/04/2012;0.00036020000000000003
03/04/2012;0.00036020000000000003
04/04/2012;0.00036129
05/04/2012;0.00036093
09/04/2012;0.00036020000000000003
10/04/2012;0.00036093
11/04/2012;0.00035984
12/04/2012;0.00035948
13/04/2012;0.00035948
16/04/2012;0.00035911
17/04/2012;0.00035874999999999997
18/04/2012;0.00035911
19/04/2012;0.00033182000000000003
20/04/2012;0.00033219
23/04/2012;0.00033365
24/04/2012;0.00033182000000000003
25/04/2012;0.00033182000000000003
26/04/2012;0.00033182000000000003
27/04/2012;0.00033219
30/04/2012;0.00033109
02/05/2012;0.00033328000000000003
03/05/2012;0.00033328000000000003
04/05/2012;0.00033146
07/05/2012;0.00033146
08/05/2012;0.00033073
09/05/2012;0.00033073
10/05/2012;0.00033036000000000003
11/05/2012;0.00033036000000000003
14/05/2012;0.00032854
15/05/2012;0.00033182000000000003
16/05/2012;0.00033219
17/05/2012;0.00033255
18/05/2012;0.00033328000000000003
21/05/2012;0.00033219
22/05/2012;0.00033365
23/05/2012;0.00033401
24/05/2012;0.00033401
25/05/2012;0.00033438
28/05/2012;0.00033401
29/05/2012;0.00033438
30/05/2012;0.00033511
31/05/2012;0.00031756
01/06/2012;0.00031792
04/06/2012;0.00031829000000000004
05/06/2012;0.00031865999999999996
06/06/2012;0.00031718999999999996
08/06/2012;0.00031865999999999996
11/06/2012;0.00031718999999999996
12/06/2012;0.00031792
13/06/2012;0.00031829000000000004
14/06/2012;0.00031792
15/06/2012;0.00031718999999999996
18/06/2012;0.00031829000000000004
19/06/2012;0.00031718999999999996
20/06/2012;0.00031902
21/06/2012;0.00031939
22/06/2012;0.00031865999999999996
25/06/2012;0.00031939
26/06/2012;0.00031829000000000004
27/06/2012;0.00031902
28/06/2012;0.00031865999999999996
29/06/2012;0.00031939
02/07/2012;0.00031865999999999996
03/07/2012;0.00031865999999999996
04/07/2012;0.00031902
05/07/2012;0.00031865999999999996
06/07/2012;0.00031792
09/07/2012;0.00031865999999999996
10/07/2012;0.00031718999999999996
11/07/2012;0.00031646
12/07/2012;0.00029993
13/07/2012;0.00029919
16/07/2012;0.00029993
17/07/2012;0.00029883
18/07/2012;0.00029809
19/07/2012;0.00029919
20/07/2012;0.00029956
23/07/2012;0.00029956
24/07/2012;0.00029883
25/07/2012;0.00029956
26/07/2012;0.00029846
27/07/2012;0.00029772
30/07/2012;0.00029919
31/07/2012;0.00029919
01/08/2012;0.00029919
02/08/2012;0.00029883
03/08/2012;0.00029919
06/08/2012;0.00029883
07/08/2012;0.00029883
08/08/2012;0.00029883
09/08/2012;0.00029883
10/08/2012;0.00029883
13/08/2012;0.00029809
14/08/2012;0.00029919
15/08/2012;0.00029919
16/08/2012;0.00029883
17/08/2012;0.00029956
20/08/2012;0.00029993
21/08/2012;0.00029883
22/08/2012;0.00029846
23/08/2012;0.00029846
24/08/2012;0.00029883
27/08/2012;0.00029919
28/08/2012;0.00029919
29/08/2012;0.00029883
30/08/2012;0.00028259
31/08/2012;0.00028259
03/09/2012;0.0002837
04/09/2012;0.00028296
05/09/2012;0.00028296
06/09/2012;0.00028296
10/09/2012;0.00028259
11/09/2012;0.00028222
12/09/2012;0.00028186
13/09/2012;0.00028186
14/09/2012;0.00028149
17/09/2012;0.00028112
18/09/2012;0.00028074999999999997
19/09/2012;0.00028074999999999997
20/09/2012;0.00028149
21/09/2012;0.00028149
24/09/2012;0.00028149
25/09/2012;0.00028259
26/09/2012;0.00028222
27/09/2012;0.00028186
28/09/2012;0.00028186
01/10/2012;0.00028186
02/10/2012;0.00028149
03/10/2012;0.00028186
04/10/2012;0.00028186
05/10/2012;0.00028186
08/10/2012;0.00028186
09/10/2012;0.00028149
10/10/2012;0.00028074999999999997
11/10/2012;0.00027001
15/10/2012;0.00027001
16/10/2012;0.00027037999999999997
17/10/2012;0.00027075
18/10/2012;0.00027149
19/10/2012;0.00027149
22/10/2012;0.00027297
23/10/2012;0.00027297
24/10/2012;0.00027334
25/10/2012;0.0002726
26/10/2012;0.00027185999999999996
29/10/2012;0.00027149
30/10/2012;0.00027112
31/10/2012;0.00027185999999999996
01/11/2012;0.0002726
05/11/2012;0.00027297
06/11/2012;0.00027297
07/11/2012;0.00027334
08/11/2012;0.00027185999999999996
09/11/2012;0.00027185999999999996
12/11/2012;0.00027112
13/11/2012;0.00027075
14/11/2012;0.00027075
16/11/2012;0.00027037999999999997
19/11/2012;0.00026964
20/11/2012;0.00026889
21/11/2012;0.00026815
22/11/2012;0.00027185999999999996
23/11/2012;0.00027297
26/11/2012;0.00027334
27/11/2012;0.00027297
28/11/2012;0.0002726
29/11/2012;0.00027112
30/11/2012;0.00027075
03/12/2012;0.00027112
04/12/2012;0.00027112
05/12/2012;0.00027075
06/12/2012;0.00027037999999999997
07/12/2012;0.00027001
10/12/2012;0.00026889
11/12/2012;0.00026741
12/12/2012;0.00026741
13/12/2012;0.00026667
14/12/2012;0.00026481000000000003
17/12/2012;0.00026444
18/12/2012;0.0002637
19/12/2012;0.00026258
20/12/2012;0.00026294999999999997
21/12/2012;0.0002637
24/12/2012;0.0002637
26/12/2012;0.00026481000000000003
27/12/2012;0.00026481000000000003
28/12/2012;0.00026481000000000003
31/12/2012;0.00026481000000000003
02/01/2013;0.00026555
03/01/2013;0.00026555
04/01/2013;0.00026593
07/01/2013;0.00026555
08/01/2013;0.00026518
09/01/2013;0.00026481000000000003
10/01/2013;0.00026518
11/01/2013;0.00026555
14/01/2013;0.00026593
15/01/2013;0.0002663
16/01/2013;0.0002663
17/01/2013;0.0002663
18/01/2013;0.00026555
21/01/2013;0.00026593
22/01/2013;0.00026593
23/01/2013;0.00026593
24/01/2013;0.00026593
25/01/2013;0.0002663
28/01/2013;0.0002663
29/01/2013;0.00026667
30/01/2013;0.00026667
31/01/2013;0.00026667
01/02/2013;0.00026667
04/02/2013;0.00026703999999999996
05/02/2013;0.00026703999999999996
06/02/2013;0.00026703999999999996
07/02/2013;0.00026667
08/02/2013;0.00026667
13/02/2013;0.00026667
14/02/2013;0.0002663
15/02/2013;0.0002663
18/02/2013;0.0002663
19/02/2013;0.00026593
20/02/2013;0.00026667
21/02/2013;0.00026667
22/02/2013;0.00026703999999999996
25/02/2013;0.00026852
26/02/2013;0.00026778
27/02/2013;0.00026778
28/02/2013;0.00026778
01/03/2013;0.00026778
04/03/2013;0.00026815
05/03/2013;0.00026815
06/03/2013;0.00026815
07/03/2013;0.00026815
08/03/2013;0.00026815
11/03/2013;0.00026815
12/03/2013;0.00026815
13/03/2013;0.00026815
14/03/2013;0.00026815
15/03/2013;0.00026815
18/03/2013;0.00026815
19/03/2013;0.00026815
20/03/2013;0.00026815
21/03/2013;0.00026815
22/03/2013;0.00026815
25/03/2013;0.00026815
26/03/2013;0.00026815
27/03/2013;0.00026815
28/03/2013;0.00026889
01/04/2013;0.00026926
02/04/2013;0.00026926
03/04/2013;0.00026889
04/04/2013;0.00026889
05/04/2013;0.00026889
08/04/2013;0.00026889
09/04/2013;0.00026889
10/04/2013;0.00026889
11/04/2013;0.00026889
12/04/2013;0.00026889
15/04/2013;0.00026889
16/04/2013;0.00026852
17/04/2013;0.00026852
18/04/2013;0.00027742
19/04/2013;0.00027742
22/04/2013;0.00027742
23/04/2013;0.00027742
24/04/2013;0.00027742
25/04/2013;0.00027742
26/04/2013;0.00027705
29/04/2013;0.00027705
30/04/2013;0.00027705
02/05/2013;0.00027705
03/05/2013;0.00027705
06/05/2013;0.00027742
07/05/2013;0.00027742
08/05/2013;0.00027705
09/05/2013;0.00027742
10/05/2013;0.00027705
13/05/2013;0.00027668
14/05/2013;0.00027668
15/05/2013;0.00027668
16/05/2013;0.00027668
17/05/2013;0.00027668
20/05/2013;0.00027668
21/05/2013;0.00027668
22/05/2013;0.00027668
23/05/2013;0.00027668
24/05/2013;0.00027668
27/05/2013;0.00027668
28/05/2013;0.00027668
29/05/2013;0.00027668
31/05/2013;0.00029514
03/06/2013;0.00029514
04/06/2013;0.00029514
05/06/2013;0.00029514
06/06/2013;0.00029514
07/06/2013;0.00029514
10/06/2013;0.00029514
11/06/2013;0.00029514
12/06/2013;0.00029514
13/06/2013;0.00029514
14/06/2013;0.00029514
17/06/2013;0.00029514
18/06/2013;0.00029514
19/06/2013;0.00029514
20/06/2013;0.00029514
21/06/2013;0.00029514
24/06/2013;0.00029514
25/06/2013;0.00029514
26/06/2013;0.00029514
27/06/2013;0.00029514
28/06/2013;0.00029514
01/07/2013;0.00029514
02/07/2013;0.00029514
03/07/2013;0.00029514
04/07/2013;0.00029514
05/07/2013;0.00029514
08/07/2013;0.00029514
09/07/2013;0.00029514
10/07/2013;0.00029514
11/07/2013;0.00031353
12/07/2013;0.00031353
15/07/2013;0.00031353
16/07/2013;0.00031353
17/07/2013;0.00031353
18/07/2013;0.00031353
19/07/2013;0.00031353
22/07/2013;0.00031353
23/07/2013;0.00031353
24/07/2013;0.00031353
25/07/2013;0.00031353
26/07/2013;0.00031353
29/07/2013;0.00031353
30/07/2013;0.00031353
31/07/2013;0.00031353
01/08/2013;0.00031389
02/08/2013;0.00031389
05/08/2013;0.00031353
06/08/2013;0.00031353
07/08/2013;0.00031353
08/08/2013;0.00031353
09/08/2013;0.00031353
12/08/2013;0.00031353
13/08/2013;0.00031353
14/08/2013;0.00031353
15/08/2013;0.00031353
16/08/2013;0.00031353
19/08/2013;0.00031353
20/08/2013;0.00031353
21/08/2013;0.00031353
22/08/2013;0.00031353
23/08/2013;0.00031353
26/08/2013;0.00031353
27/08/2013;0.00031353
28/08/2013;0.00031353
29/08/2013;0.00033182000000000003
30/08/2013;0.00033182000000000003
02/09/2013;0.00033182000000000003
03/09/2013;0.00033182000000000003
04/09/2013;0.00033182000000000003
05/09/2013;0.00033182000000000003
06/09/2013;0.00033182000000000003
09/09/2013;0.00033182000000000003
10/09/2013;0.00033182000000000003
11/09/2013;0.00033182000000000003
12/09/2013;0.00033182000000000003
13/09/2013;0.00033182000000000003
16/09/2013;0.00033182000000000003
17/09/2013;0.00033182000000000003
18/09/2013;0.00033182000000000003
19/09/2013;0.00033146
20/09/2013;0.00033109
23/09/2013;0.00033109
24/09/2013;0.00033109
25/09/2013;0.00033511
26/09/2013;0.00033182000000000003
27/09/2013;0.00033146
30/09/2013;0.00033146
01/10/2013;0.00033146
02/10/2013;0.00033109
03/10/2013;0.00033109
04/10/2013;0.00033584
07/10/2013;0.00033511
08/10/2013;0.00033511
09/10/2013;0.00033657
10/10/2013;0.00035512
11/10/2013;0.00035367000000000005
14/10/2013;0.00035476
15/10/2013;0.00035476
16/10/2013;0.00035476
17/10/2013;0.00035476
18/10/2013;0.00035367000000000005
21/10/2013;0.00035476
22/10/2013;0.00035476
23/10/2013;0.00035367000000000005
24/10/2013;0.00035367000000000005
25/10/2013;0.00035367000000000005
28/10/2013;0.00035367000000000005
29/10/2013;0.00035367000000000005
30/10/2013;0.00035367000000000005
31/10/2013;0.00035367000000000005
01/11/2013;0.00035367000000000005
04/11/2013;0.00035222000000000004
05/11/2013;0.00035222000000000004
06/11/2013;0.00035222000000000004
07/11/2013;0.00035222000000000004
08/11/2013;0.00035222000000000004
11/11/2013;0.00035222000000000004
12/11/2013;0.00035222000000000004
13/11/2013;0.00035222000000000004
14/11/2013;0.00035222000000000004
18/11/2013;0.00035222000000000004
19/11/2013;0.00035222000000000004
20/11/2013;0.00035222000000000004
21/11/2013;0.00035222000000000004
22/11/2013;0.00035222000000000004
25/11/2013;0.00035222000000000004
26/11/2013;0.00035222000000000004
27/11/2013;0.00035222000000000004
28/11/2013;0.00036998
29/11/2013;0.00036998
02/12/2013;0.00036998
03/12/2013;0.00036998
04/12/2013;0.00036998
05/12/2013;0.00036998
06/12/2013;0.00036962000000000003
09/12/2013;0.00037287
10/12/2013;0.00036998
11/12/2013;0.00036998
12/12/2013;0.00036998
13/12/2013;0.00036998
16/12/2013;0.00037287
17/12/2013;0.00036998
18/12/2013;0.00036998
19/12/2013;0.00036998
20/12/2013;0.00036998
23/12/2013;0.00036998
24/12/2013;0.00036998
26/12/2013;0.00036998
27/12/2013;0.00036998
30/12/2013;0.00036998
31/12/2013;0.00036998
02/01/2014;0.00036998
03/01/2014;0.00036998
06/01/2014;0.00036998
07/01/2014;0.00036998
08/01/2014;0.00036998
09/01/2014;0.00036998
10/01/2014;0.00036998
13/01/2014;0.00036998
14/01/2014;0.00036998
15/01/2014;0.00036998
16/01/2014;0.00038802000000000004
17/01/2014;0.00039054
20/01/2014;0.0003909
21/01/2014;0.0003909
22/01/2014;0.00038802000000000004
23/01/2014;0.00038802000000000004
24/01/2014;0.00038802000000000004
27/01/2014;0.00038802000000000004
28/01/2014;0.00038802000000000004
29/01/2014;0.00038802000000000004
30/01/2014;0.00038802000000000004
31/01/2014;0.00038802000000000004
03/02/2014;0.00038802000000000004
04/02/2014;0.00038874
05/02/2014;0.00038874
06/02/2014;0.00038874
07/02/2014;0.00038874
10/02/2014;0.00038874
11/02/2014;0.00038874
12/02/2014;0.00038874
13/02/2014;0.00038874
14/02/2014;0.00038874
17/02/2014;0.00038874
18/02/2014;0.00038874
19/02/2014;0.00038874
20/02/2014;0.00038874
21/02/2014;0.00038874
24/02/2014;0.00038874
25/02/2014;0.00038874
26/02/2014;0.0003909
27/02/2014;0.00039952
28/02/2014;0.00039952
05/03/2014;0.00039809
06/03/2014;0.00039809
07/03/2014;0.00039809
10/03/2014;0.00039809
11/03/2014;0.00039809
12/03/2014;0.00039809
13/03/2014;0.00039809
14/03/2014;0.00039809
17/03/2014;0.00039809
18/03/2014;0.00039809
19/03/2014;0.00039952
20/03/2014;0.00039952
21/03/2014;0.00039952
24/03/2014;0.00039952
25/03/2014;0.00039952
26/03/2014;0.00039952
27/03/2014;0.00039809
28/03/2014;0.00039809
31/03/2014;0.00039809
01/04/2014;0.00039809
02/04/2014;0.00039809
03/04/2014;0.00040705
04/04/2014;0.00040705
07/04/2014;0.00040705
08/04/2014;0.00040705
09/04/2014;0.00040705
10/04/2014;0.00040705
11/04/2014;0.00040705
14/04/2014;0.00040705
15/04/2014;0.00040705
16/04/2014;0.00040705
17/04/2014;0.00040705
22/04/2014;0.00040705
23/04/2014;0.00040705
24/04/2014;0.00040705
25/04/2014;0.00040705
28/04/2014;0.00040705
29/04/2014;0.00040705
30/04/2014;0.00040705
02/05/2014;0.00040705
05/05/2014;0.00040705
06/05/2014;0.00040705
07/05/2014;0.00040705
08/05/2014;0.00040705
09/05/2014;0.00040705
12/05/2014;0.00040705
13/05/2014;0.00040705
14/05/2014;0.00040705
15/05/2014;0.00040705
16/05/2014;0.00040705
19/05/2014;0.00040705
20/05/2014;0.00040705
21/05/2014;0.00040705
22/05/2014;0.00040705
23/05/2014;0.00040705
26/05/2014;0.00040705
27/05/2014;0.00040705
28/05/2014;0.00040705
29/05/2014;0.00040705
30/05/2014;0.00040705
02/06/2014;0.00040705
03/06/2014;0.00040705
04/06/2014;0.00040705
05/06/2014;0.00040705
06/06/2014;0.00040705
09/06/2014;0.00040849
10/06/2014;0.00040705
11/06/2014;0.00040705
12/06/2014;0.00040705
13/06/2014;0.00040705
16/06/2014;0.00040705
17/06/2014;0.00040705
18/06/2014;0.00040705
20/06/2014;0.00040705
23/06/2014;0.00040705
24/06/2014;0.00040705
25/06/2014;0.00040705
26/06/2014;0.00040705
27/06/2014;0.00040705
30/06/2014;0.00040705
01/07/2014;0.00040705
02/07/2014;0.00040705
03/07/2014;0.00040705
04/07/2014;0.00040705
07/07/2014;0.00040705
08/07/2014;0.00040705
09/07/2014;0.00040705
10/07/2014;0.00040705
11/07/2014;0.00040705
14/07/2014;0.00040705
15/07/2014;0.00040705
16/07/2014;0.00040705
17/07/2014;0.00040705
18/07/2014;0.00040705
21/07/2014;0.00040705
22/07/2014;0.00040705
23/07/2014;0.00040705
24/07/2014;0.00040705
25/07/2014;0.00040705
28/07/2014;0.00040705
29/07/2014;0.00040705
30/07/2014;0.00040705
31/07/2014;0.00040705
01/08/2014;0.00040705
04/08/2014;0.00040741
05/08/2014;0.00040741
06/08/2014;0.00040741
07/08/2014;0.00040741
08/08/2014;0.00040741
11/08/2014;0.00040741
12/08/2014;0.00040741
13/08/2014;0.00040741
14/08/2014;0.00040741
15/08/2014;0.00040777
18/08/2014;0.00040741
19/08/2014;0.00040741
20/08/2014;0.00040849
21/08/2014;0.00040777
22/08/2014;0.00040741
25/08/2014;0.00040849
26/08/2014;0.00040849
27/08/2014;0.00040741
28/08/2014;0.00040849
29/08/2014;0.00040741
01/09/2014;0.00040741
02/09/2014;0.00040741
03/09/2014;0.00040741
04/09/2014;0.00040741
05/09/2014;0.00040741
08/09/2014;0.00040741
09/09/2014;0.00040741
10/09/2014;0.00040849
11/09/2014;0.00040741
12/09/2014;0.00040741
15/09/2014;0.00040741
16/09/2014;0.00040741
17/09/2014;0.00040741
18/09/2014;0.00040741
19/09/2014;0.00040741
22/09/2014;0.00040741
23/09/2014;0.00040849
24/09/2014;0.00040849
25/09/2014;0.00040849
26/09/2014;0.00040741
29/09/2014;0.00040741
30/09/2014;0.00040741
01/10/2014;0.00040741
02/10/2014;0.00040741
03/10/2014;0.00040741
06/10/2014;0.00040741
07/10/2014;0.00040849
08/10/2014;0.00040849
09/10/2014;0.00040849
10/10/2014;0.00040849
13/10/2014;0.00040741
14/10/2014;0.00040849
15/10/2014;0.00040741
16/10/2014;0.00040849
17/10/2014;0.00040849
20/10/2014;0.00040849
21/10/2014;0.00040849
22/10/2014;0.00040849
23/10/2014;0.00040849
24/10/2014;0.00040849
27/10/2014;0.00040849
28/10/2014;0.00040849
29/10/2014;0.00040849
30/10/2014;0.00041743000000000005
31/10/2014;0.00041636
03/11/2014;0.00041636
04/11/2014;0.00041636
05/11/2014;0.00041743000000000005
06/11/2014;0.00041743000000000005
07/11/2014;0.00041743000000000005
10/11/2014;0.00041743000000000005
11/11/2014;0.00041743000000000005
12/11/2014;0.00041743000000000005
13/11/2014;0.00041743000000000005
14/11/2014;0.00041743000000000005
17/11/2014;0.00041743000000000005
18/11/2014;0.00041743000000000005
19/11/2014;0.00041743000000000005
20/11/2014;0.00041743000000000005
21/11/2014;0.00041743000000000005
24/11/2014;0.00041743000000000005
25/11/2014;0.00041743000000000005
26/11/2014;0.00041743000000000005
27/11/2014;0.00041743000000000005
28/11/2014;0.00041636
01/12/2014;0.00041636
02/12/2014;0.00041636
03/12/2014;0.00041743000000000005
04/12/2014;0.00043526000000000003
05/12/2014;0.00043526000000000003
08/12/2014;0.00043526000000000003
09/12/2014;0.00043455
10/12/2014;0.00043455
11/12/2014;0.00043526000000000003
12/12/2014;0.00043526000000000003
15/12/2014;0.00043526000000000003
16/12/2014;0.00043526000000000003
17/12/2014;0.00043526000000000003
18/12/2014;0.00043526000000000003
19/12/2014;0.00043526000000000003
22/12/2014;0.00043526000000000003
23/12/2014;0.00043455
24/12/2014;0.00043455
26/12/2014;0.00043455
29/12/2014;0.00043526000000000003
30/12/2014;0.00043455
31/12/2014;0.00043455
02/01/2015;0.00043455
05/01/2015;0.00043455
06/01/2015;0.00043455
07/01/2015;0.00043455
08/01/2015;0.00043455
09/01/2015;0.00043455
12/01/2015;0.00043455
13/01/2015;0.00043455
14/01/2015;0.00043455
15/01/2015;0.00043455
16/01/2015;0.00043455
19/01/2015;0.00043455
20/01/2015;0.00043455
21/01/2015;0.00043455
22/01/2015;0.00045301
23/01/2015;0.00045264999999999997
26/01/2015;0.00045264999999999997
27/01/2015;0.00045264999999999997
28/01/2015;0.00045264999999999997
29/01/2015;0.00045264999999999997
30/01/2015;0.00045264999999999997
02/02/2015;0.00045264999999999997
03/02/2015;0.00045301
04/02/2015;0.00045301
05/02/2015;0.00045301
06/02/2015;0.00045301
09/02/2015;0.00045301
10/02/2015;0.00045301
11/02/2015;0.00045301
12/02/2015;0.00045301
13/02/2015;0.00045301
18/02/2015;0.00045301
19/02/2015;0.00045301
20/02/2015;0.00045301
23/02/2015;0.00045301
24/02/2015;0.00045301
25/02/2015;0.00045301
26/02/2015;0.00045301
27/02/2015;0.00045301
02/03/2015;0.00045301
03/03/2015;0.00045301
04/03/2015;0.00045301
05/03/2015;0.00047103
06/03/2015;0.00047103
09/03/2015;0.00047103
10/03/2015;0.00047103
11/03/2015;0.00047103
12/03/2015;0.00047103
13/03/2015;0.00047103
16/03/2015;0.00047103
17/03/2015;0.00047103
18/03/2015;0.00047103
19/03/2015;0.00047103
20/03/2015;0.00047103
23/03/2015;0.00047138
24/03/2015;0.00047138
25/03/2015;0.00047138
26/03/2015;0.00047138
27/03/2015;0.00047138
30/03/2015;0.00047103
31/03/2015;0.00047103
01/04/2015;0.00047103
02/04/2015;0.00047103
06/04/2015;0.00047103
07/04/2015;0.00047103
08/04/2015;0.00047103
09/04/2015;0.00047103
10/04/2015;0.00047103
13/04/2015;0.00047103
14/04/2015;0.00047103
15/04/2015;0.00047103
16/04/2015;0.00047103
17/04/2015;0.00047103
20/04/2015;0.00047103
22/04/2015;0.00047103
23/04/2015;0.00047103
24/04/2015;0.00047103
27/04/2015;0.00047138
28/04/2015;0.00047173
29/04/2015;0.00047173
30/04/2015;0.00048897
04/05/2015;0.00048897
05/05/2015;0.00048967
06/05/2015;0.00048967
07/05/2015;0.00048967
08/05/2015;0.00048967
11/05/2015;0.00048967
12/05/2015;0.00048967
13/05/2015;0.00048967
14/05/2015;0.00048967
15/05/2015;0.00048967
18/05/2015;0.00048967
19/05/2015;0.00048967
20/05/2015;0.00048967
21/05/2015;0.00048967
22/05/2015;0.00048967
25/05/2015;0.00048967
26/05/2015;0.00048967
27/05/2015;0.00048967
28/05/2015;0.00048967
29/05/2015;0.00048967
01/06/2015;0.00048967
02/06/2015;0.00048967
03/06/2015;0.00048967
05/06/2015;0.00050753
08/06/2015;0.00050753
09/06/2015;0.00050753
10/06/2015;0.00050753
11/06/2015;0.00050753
12/06/2015;0.00050753
15/06/2015;0.00050753
16/06/2015;0.00050753
17/06/2015;0.00050753
18/06/2015;0.00050753
19/06/2015;0.00050753
22/06/2015;0.00050753
23/06/2015;0.00050753
24/06/2015;0.00050753
25/06/2015;0.00050753
26/06/2015;0.00050753
29/06/2015;0.00050753
30/06/2015;0.00050753
01/07/2015;0.00050753
02/07/2015;0.00050753
03/07/2015;0.00050753
06/07/2015;0.00050753
07/07/2015;0.00050753
08/07/2015;0.00050753
09/07/2015;0.00050753
10/07/2015;0.00050753
13/07/2015;0.00050753
14/07/2015;0.00050753
15/07/2015;0.00050753
16/07/2015;0.00050753
17/07/2015;0.00050753
20/07/2015;0.00050753
21/07/2015;0.00050753
22/07/2015;0.00050753
23/07/2015;0.00050753
24/07/2015;0.00050753
27/07/2015;0.00050753
28/07/2015;0.00050753
29/07/2015;0.00050753
30/07/2015;0.00052461
31/07/2015;0.00052461
03/08/2015;0.00052461
04/08/2015;0.00052461
05/08/2015;0.00052461
06/08/2015;0.00052461
07/08/2015;0.00052461
10/08/2015;0.00052461
11/08/2015;0.00052461
12/08/2015;0.00052461
13/08/2015;0.00052461
14/08/2015;0.00052461
17/08/2015;0.00052461
18/08/2015;0.00052461
19/08/2015;0.00052461
20/08/2015;0.00052461
21/08/2015;0.00052461
24/08/2015;0.00052461
25/08/2015;0.00052461
26/08/2015;0.00052461
27/08/2015;0.00052461
28/08/2015;0.00052461
31/08/2015;0.00052461
01/09/2015;0.00052461
02/09/2015;0.00052461
03/09/2015;0.00052461
04/09/2015;0.00052461
08/09/2015;0.00052461
09/09/2015;0.00052461
10/09/2015;0.00052461
11/09/2015;0.00052461
14/09/2015;0.00052461
15/09/2015;0.00052461
16/09/2015;0.00052461
17/09/2015;0.00052461
18/09/2015;0.00052461
21/09/2015;0.00052461
22/09/2015;0.00052461
23/09/2015;0.00052461
24/09/2015;0.00052461
25/09/2015;0.00052461
28/09/2015;0.00052461
29/09/2015;0.00052461
30/09/2015;0.00052461
01/10/2015;0.00052461
02/10/2015;0.00052461
05/10/2015;0.00052461
06/10/2015;0.00052461
07/10/2015;0.00052461
08/10/2015;0.00052461
09/10/2015;0.00052461
13/10/2015;0.00052461
14/10/2015;0.00052461
15/10/2015;0.00052461
16/10/2015;0.00052461
19/10/2015;0.00052461
20/10/2015;0.00052461
21/10/2015;0.00052461
22/10/2015;0.00052496
23/10/2015;0.00052496
26/10/2015;0.00052496
27/10/2015;0.00052496
28/10/2015;0.00052496
29/10/2015;0.00052496
30/10/2015;0.00052496
03/11/2015;0.00052496
04/11/2015;0.00052496
05/11/2015;0.00052496
06/11/2015;0.00052496
09/11/2015;0.00052496
10/11/2015;0.00052496
11/11/2015;0.00052496
12/11/2015;0.00052496
13/11/2015;0.00052496
16/11/2015;0.00052496
17/11/2015;0.00052496
18/11/2015;0.00052496
19/11/2015;0.00052496
20/11/2015;0.00052496
23/11/2015;0.00052496
24/11/2015;0.00052496
25/11/2015;0.00052496
26/11/2015;0.00052496
27/11/2015;0.00052496
30/11/2015;0.00052496
01/12/2015;0.00052496
02/12/2015;0.00052496
03/12/2015;0.00052496
04/12/2015;0.00052496
07/12/2015;0.00052496
08/12/2015;0.00052496
09/12/2015;0.00052496
10/12/2015;0.00052496
11/12/2015;0.00052496
14/12/2015;0.00052496
15/12/2015;0.00052496
16/12/2015;0.00052496
17/12/2015;0.00052496
18/12/2015;0.00052496
21/12/2015;0.00052496
22/12/2015;0.00052496
23/12/2015;0.00052496
24/12/2015;0.00052496
28/12/2015;0.00052496
29/12/2015;0.00052496
30/12/2015;0.00052496
31/12/2015;0.00052496
