data;fechamento
28/11/2008;23.760299682617188
01/12/2008;22.6564998626709
02/12/2008;22.60650062561035
03/12/2008;22.426000595092773
04/12/2008;22.636899948120117
05/12/2008;22.86549949645996
08/12/2008;23.738000869750977
09/12/2008;23.648399353027344
10/12/2008;23.929000854492188
11/12/2008;24.25860023498535
12/12/2008;24.184200286865234
15/12/2008;23.687299728393555
16/12/2008;24.40719985961914
17/12/2008;24.003700256347656
18/12/2008;24.23200035095215
19/12/2008;24.493900299072266
22/12/2008;24.56879997253418
23/12/2008;24.18589973449707
26/12/2008;24.207000732421875
29/12/2008;24.297500610351562
30/12/2008;24.644100189208984
02/01/2009;24.530000686645508
05/01/2009;25.219999313354492
06/01/2009;25.219999313354492
07/01/2009;25.219999313354492
08/01/2009;25.219999313354492
09/01/2009;25.219999313354492
12/01/2009;25.219999313354492
13/01/2009;25.219999313354492
14/01/2009;25.219999313354492
15/01/2009;25.219999313354492
16/01/2009;25.219999313354492
19/01/2009;25.219999313354492
20/01/2009;25.219999313354492
21/01/2009;25.219999313354492
22/01/2009;25.219999313354492
23/01/2009;23.600000381469727
26/01/2009;23.600000381469727
27/01/2009;23.600000381469727
28/01/2009;23.600000381469727
29/01/2009;23.600000381469727
30/01/2009;23.600000381469727
02/02/2009;23.600000381469727
03/02/2009;24.760000228881836
04/02/2009;24.760000228881836
05/02/2009;24.760000228881836
06/02/2009;24.760000228881836
09/02/2009;24.760000228881836
10/02/2009;24.760000228881836
11/02/2009;24.520000457763672
12/02/2009;24.520000457763672
13/02/2009;24.520000457763672
16/02/2009;25.1200008392334
17/02/2009;25.1200008392334
18/02/2009;25.1200008392334
19/02/2009;25.1200008392334
20/02/2009;23.940000534057617
25/02/2009;23.489999771118164
26/02/2009;23.489999771118164
27/02/2009;23.489999771118164
02/03/2009;22.399999618530273
03/03/2009;22.399999618530273
04/03/2009;22.510000228881836
05/03/2009;22.34000015258789
06/03/2009;22.141990661621094
09/03/2009;21.814699172973633
10/03/2009;22.597200393676758
11/03/2009;22.54865074157715
12/03/2009;22.771669387817383
13/03/2009;22.600000381469727
16/03/2009;22.600000381469727
17/03/2009;22.600000381469727
18/03/2009;22.600000381469727
19/03/2009;22.600000381469727
20/03/2009;22.600000381469727
23/03/2009;22.600000381469727
24/03/2009;22.600000381469727
25/03/2009;22.600000381469727
26/03/2009;22.600000381469727
27/03/2009;22.600000381469727
30/03/2009;24.030000686645508
31/03/2009;24.030000686645508
01/04/2009;24.030000686645508
02/04/2009;24.030000686645508
03/04/2009;25.889999389648438
06/04/2009;25.889999389648438
07/04/2009;26.100000381469727
08/04/2009;26.100000381469727
09/04/2009;26.100000381469727
13/04/2009;26.100000381469727
14/04/2009;28.110000610351562
15/04/2009;28.110000610351562
16/04/2009;28.110000610351562
17/04/2009;28.110000610351562
20/04/2009;27.75
22/04/2009;27.75
23/04/2009;29.010000228881836
24/04/2009;29.56999969482422
27/04/2009;29.56999969482422
28/04/2009;29.56999969482422
29/04/2009;31.489999771118164
30/04/2009;32.29999923706055
04/05/2009;32.80406188964844
05/05/2009;33.06999969482422
06/05/2009;33.720001220703125
07/05/2009;33.720001220703125
08/05/2009;33.79999923706055
11/05/2009;33.81999969482422
12/05/2009;33.209999084472656
13/05/2009;32.5
14/05/2009;33.27000045776367
15/05/2009;33.54999923706055
18/05/2009;34.15999984741211
19/05/2009;34.15999984741211
20/05/2009;35.34000015258789
21/05/2009;34.20000076293945
22/05/2009;34.290000915527344
25/05/2009;34.5
26/05/2009;34.290000915527344
27/05/2009;34.290000915527344
28/05/2009;34.290000915527344
29/05/2009;35.689998626708984
01/06/2009;35.75
02/06/2009;36.0099983215332
03/06/2009;34.47999954223633
04/06/2009;34.77000045776367
05/06/2009;35.060001373291016
08/06/2009;35.060001373291016
09/06/2009;35.060001373291016
10/06/2009;35.45000076293945
12/06/2009;35.45000076293945
15/06/2009;34.88999938964844
16/06/2009;34.709999084472656
17/06/2009;34.709999084472656
18/06/2009;34.619998931884766
19/06/2009;34.619998931884766
22/06/2009;34.13999938964844
23/06/2009;34.52000045776367
24/06/2009;34.939998626708984
25/06/2009;35.029998779296875
26/06/2009;35.779998779296875
29/06/2009;35.68000030517578
30/06/2009;35.79999923706055
01/07/2009;35.900001525878906
02/07/2009;35.900001525878906
03/07/2009;35.900001525878906
06/07/2009;36.0
07/07/2009;36.0
08/07/2009;35.900001525878906
09/07/2009;35.900001525878906
10/07/2009;35.65999984741211
13/07/2009;36.459999084472656
14/07/2009;36.349998474121094
15/07/2009;37.18000030517578
16/07/2009;37.18000030517578
17/07/2009;37.18000030517578
20/07/2009;37.18000030517578
21/07/2009;37.18000030517578
22/07/2009;37.18000030517578
23/07/2009;39.2400016784668
24/07/2009;39.2400016784668
27/07/2009;39.2400016784668
28/07/2009;40.15999984741211
29/07/2009;40.15999984741211
30/07/2009;41.0
31/07/2009;41.02000045776367
03/08/2009;42.40999984741211
04/08/2009;42.40999984741211
05/08/2009;42.40999984741211
06/08/2009;42.56999969482422
07/08/2009;43.11000061035156
10/08/2009;43.11000061035156
11/08/2009;42.95000076293945
12/08/2009;43.369998931884766
13/08/2009;43.41999816894531
14/08/2009;42.619998931884766
17/08/2009;41.20000076293945
18/08/2009;41.20000076293945
19/08/2009;41.20000076293945
20/08/2009;43.54999923706055
21/08/2009;43.54999923706055
24/08/2009;43.54999923706055
25/08/2009;45.09000015258789
26/08/2009;45.04999923706055
27/08/2009;45.029998779296875
28/08/2009;45.029998779296875
31/08/2009;44.47999954223633
01/09/2009;44.099998474121094
02/09/2009;44.0
03/09/2009;44.150001525878906
04/09/2009;44.47999954223633
08/09/2009;46.5
09/09/2009;46.599998474121094
10/09/2009;46.810001373291016
11/09/2009;46.95000076293945
14/09/2009;45.81999969482422
15/09/2009;47.81999969482422
16/09/2009;48.22999954223633
17/09/2009;48.0099983215332
18/09/2009;47.7400016784668
21/09/2009;47.7400016784668
22/09/2009;48.7599983215332
23/09/2009;47.849998474121094
24/09/2009;47.119998931884766
25/09/2009;47.119998931884766
28/09/2009;47.119998931884766
29/09/2009;48.0099983215332
30/09/2009;48.08000183105469
01/10/2009;47.4900016784668
02/10/2009;47.59000015258789
05/10/2009;48.790000915527344
06/10/2009;49.369998931884766
07/10/2009;50.150001525878906
08/10/2009;50.61000061035156
09/10/2009;51.040000915527344
13/10/2009;51.380001068115234
14/10/2009;52.849998474121094
15/10/2009;52.83000183105469
16/10/2009;52.810001373291016
19/10/2009;53.16999816894531
20/10/2009;51.95000076293945
21/10/2009;52.4900016784668
22/10/2009;51.81999969482422
23/10/2009;51.630001068115234
26/10/2009;51.33000183105469
27/10/2009;50.20000076293945
28/10/2009;48.290000915527344
29/10/2009;50.279998779296875
30/10/2009;48.779998779296875
03/11/2009;48.959999084472656
04/11/2009;50.09000015258789
05/11/2009;50.75
06/11/2009;50.61000061035156
09/11/2009;52.20000076293945
10/11/2009;52.34000015258789
11/11/2009;52.34000015258789
12/11/2009;52.0
13/11/2009;52.31999969482422
16/11/2009;53.0
17/11/2009;53.77000045776367
18/11/2009;53.83000183105469
19/11/2009;53.83000183105469
23/11/2009;54.11000061035156
24/11/2009;53.29999923706055
25/11/2009;54.5099983215332
26/11/2009;53.470001220703125
27/11/2009;53.66999816894531
30/11/2009;54.4900016784668
01/12/2009;55.52000045776367
02/12/2009;56.150001525878906
03/12/2009;56.599998474121094
04/12/2009;56.869998931884766
07/12/2009;56.349998474121094
08/12/2009;56.59000015258789
09/12/2009;55.970001220703125
10/12/2009;56.54999923706055
11/12/2009;57.04999923706055
14/12/2009;57.04999923706055
15/12/2009;56.0099983215332
16/12/2009;56.70000076293945
17/12/2009;55.630001068115234
18/12/2009;55.70000076293945
21/12/2009;55.79999923706055
22/12/2009;56.040000915527344
23/12/2009;56.779998779296875
24/12/2009;56.779998779296875
28/12/2009;57.189998626708984
29/12/2009;53.0099983215332
30/12/2009;57.90999984741211
04/01/2010;58.439998626708984
05/01/2010;58.150001525878906
06/01/2010;58.400001525878906
07/01/2010;58.900001525878906
08/01/2010;58.97999954223633
11/01/2010;59.20000076293945
12/01/2010;59.29999923706055
13/01/2010;59.66999816894531
14/01/2010;59.40999984741211
15/01/2010;58.58000183105469
18/01/2010;59.20000076293945
19/01/2010;59.20000076293945
20/01/2010;58.25
21/01/2010;56.849998474121094
22/01/2010;57.08000183105469
26/01/2010;56.529998779296875
27/01/2010;55.84000015258789
28/01/2010;55.04999923706055
29/01/2010;55.5
01/02/2010;56.029998779296875
02/02/2010;57.0
03/02/2010;57.0
04/02/2010;55.0
05/02/2010;53.20000076293945
08/02/2010;53.20000076293945
09/02/2010;53.20000076293945
10/02/2010;56.06999969482422
11/02/2010;56.95000076293945
12/02/2010;56.810001373291016
17/02/2010;57.709999084472656
18/02/2010;57.709999084472656
19/02/2010;57.709999084472656
22/02/2010;58.11000061035156
23/02/2010;57.900001525878906
24/02/2010;57.900001525878906
25/02/2010;57.900001525878906
26/02/2010;57.29999923706055
01/03/2010;58.060001373291016
02/03/2010;58.5
03/03/2010;58.04999923706055
04/03/2010;57.88999938964844
05/03/2010;58.40999984741211
08/03/2010;57.79999923706055
09/03/2010;58.380001068115234
10/03/2010;58.529998779296875
11/03/2010;58.560001373291016
12/03/2010;58.29999923706055
15/03/2010;58.29999923706055
16/03/2010;57.81999969482422
17/03/2010;57.810001373291016
18/03/2010;57.959999084472656
19/03/2010;57.790000915527344
22/03/2010;57.279998779296875
23/03/2010;57.25
24/03/2010;56.810001373291016
25/03/2010;57.18000030517578
26/03/2010;56.52000045776367
29/03/2010;56.77000045776367
30/03/2010;56.77000045776367
31/03/2010;56.77000045776367
01/04/2010;57.20000076293945
05/04/2010;57.2599983215332
06/04/2010;56.779998779296875
07/04/2010;57.0
08/04/2010;57.119998931884766
09/04/2010;56.72999954223633
12/04/2010;56.79999923706055
13/04/2010;56.939998626708984
14/04/2010;57.540000915527344
15/04/2010;57.34000015258789
16/04/2010;57.11000061035156
19/04/2010;56.59000015258789
20/04/2010;56.650001525878906
22/04/2010;56.70000076293945
23/04/2010;57.040000915527344
26/04/2010;56.88999938964844
27/04/2010;55.709999084472656
28/04/2010;55.529998779296875
29/04/2010;56.13999938964844
30/04/2010;56.369998931884766
03/05/2010;57.0
04/05/2010;56.0
05/05/2010;55.380001068115234
06/05/2010;53.86000061035156
07/05/2010;52.54999923706055
10/05/2010;55.13999938964844
11/05/2010;55.13999938964844
12/05/2010;55.27000045776367
13/05/2010;55.150001525878906
14/05/2010;54.0
17/05/2010;53.0
18/05/2010;51.70000076293945
19/05/2010;50.2599983215332
20/05/2010;50.58000183105469
21/05/2010;51.97999954223633
24/05/2010;51.68000030517578
25/05/2010;51.099998474121094
26/05/2010;52.0099983215332
27/05/2010;54.060001373291016
28/05/2010;53.86000061035156
31/05/2010;54.209999084472656
01/06/2010;54.34000015258789
02/06/2010;54.689998626708984
04/06/2010;54.04999923706055
07/06/2010;54.04999923706055
08/06/2010;53.959999084472656
09/06/2010;54.349998474121094
10/06/2010;54.90999984741211
11/06/2010;55.470001220703125
14/06/2010;55.47999954223633
15/06/2010;55.599998474121094
16/06/2010;55.599998474121094
17/06/2010;55.599998474121094
18/06/2010;57.0099983215332
21/06/2010;56.93000030517578
22/06/2010;57.5
23/06/2010;57.77000045776367
24/06/2010;57.130001068115234
25/06/2010;57.130001068115234
28/06/2010;58.0099983215332
29/06/2010;56.119998931884766
30/06/2010;56.0099983215332
01/07/2010;56.04999923706055
02/07/2010;56.79999923706055
05/07/2010;56.439998626708984
06/07/2010;56.95000076293945
07/07/2010;57.5
08/07/2010;57.900001525878906
12/07/2010;57.93000030517578
13/07/2010;58.75
14/07/2010;59.400001525878906
15/07/2010;60.0
16/07/2010;60.0
19/07/2010;59.56999969482422
20/07/2010;58.70000076293945
21/07/2010;59.380001068115234
22/07/2010;60.88999938964844
23/07/2010;61.0
26/07/2010;61.220001220703125
27/07/2010;61.40999984741211
28/07/2010;61.369998931884766
29/07/2010;61.65999984741211
30/07/2010;61.9900016784668
02/08/2010;63.380001068115234
03/08/2010;61.90999984741211
04/08/2010;62.38999938964844
05/08/2010;62.349998474121094
06/08/2010;61.54999923706055
09/08/2010;61.40999984741211
10/08/2010;61.349998474121094
11/08/2010;61.40999984741211
12/08/2010;60.0
13/08/2010;61.11000061035156
16/08/2010;61.79999923706055
17/08/2010;62.709999084472656
18/08/2010;62.810001373291016
19/08/2010;61.369998931884766
20/08/2010;63.369998931884766
23/08/2010;63.5
24/08/2010;64.0
25/08/2010;63.529998779296875
26/08/2010;61.84000015258789
27/08/2010;62.83000183105469
30/08/2010;62.40999984741211
31/08/2010;62.93000030517578
01/09/2010;62.93000030517578
02/09/2010;62.93000030517578
03/09/2010;64.0
06/09/2010;64.0
08/09/2010;64.0
09/09/2010;64.19000244140625
10/09/2010;64.56999969482422
13/09/2010;64.87999725341797
14/09/2010;65.29000091552734
15/09/2010;65.98999786376953
16/09/2010;65.69000244140625
17/09/2010;65.31999969482422
20/09/2010;66.0999984741211
21/09/2010;66.0999984741211
22/09/2010;66.0999984741211
23/09/2010;66.0999984741211
24/09/2010;65.37000274658203
27/09/2010;65.80000305175781
28/09/2010;66.4000015258789
29/09/2010;66.0
30/09/2010;66.0999984741211
01/10/2010;67.12999725341797
04/10/2010;67.0
05/10/2010;68.5
06/10/2010;68.1500015258789
07/10/2010;68.0
08/10/2010;68.79000091552734
11/10/2010;69.13999938964844
13/10/2010;70.69999694824219
14/10/2010;70.3499984741211
15/10/2010;71.0
18/10/2010;70.0
19/10/2010;68.0
20/10/2010;68.54000091552734
21/10/2010;68.68000030517578
22/10/2010;68.66000366210938
25/10/2010;69.12000274658203
26/10/2010;69.77999877929688
27/10/2010;69.68000030517578
28/10/2010;69.55999755859375
29/10/2010;70.05000305175781
01/11/2010;70.86000061035156
03/11/2010;70.86000061035156
04/11/2010;72.62999725341797
05/11/2010;72.44999694824219
08/11/2010;72.44999694824219
09/11/2010;70.5199966430664
10/11/2010;70.41999816894531
11/11/2010;70.61000061035156
12/11/2010;69.98999786376953
16/11/2010;68.77999877929688
17/11/2010;69.02999877929688
18/11/2010;70.08000183105469
19/11/2010;70.48999786376953
22/11/2010;69.86000061035156
23/11/2010;68.4000015258789
24/11/2010;70.01000213623047
25/11/2010;70.31999969482422
26/11/2010;70.0
29/11/2010;68.69999694824219
30/11/2010;69.55000305175781
01/12/2010;70.25
02/12/2010;71.0
03/12/2010;70.56999969482422
06/12/2010;70.08999633789062
07/12/2010;70.30000305175781
08/12/2010;69.18000030517578
09/12/2010;68.5
10/12/2010;68.61000061035156
13/12/2010;69.25
14/12/2010;69.30999755859375
15/12/2010;68.79000091552734
16/12/2010;67.98999786376953
17/12/2010;69.0
20/12/2010;68.19999694824219
21/12/2010;69.5999984741211
22/12/2010;68.51000213623047
23/12/2010;69.94000244140625
27/12/2010;68.80999755859375
28/12/2010;69.98999786376953
29/12/2010;69.68000030517578
30/12/2010;70.91999816894531
03/01/2011;71.47000122070312
04/01/2011;70.94000244140625
05/01/2011;70.91999816894531
06/01/2011;70.12999725341797
07/01/2011;69.80999755859375
10/01/2011;70.30999755859375
11/01/2011;71.19999694824219
12/01/2011;71.5
13/01/2011;71.0
14/01/2011;70.80000305175781
17/01/2011;71.0
18/01/2011;70.6500015258789
19/01/2011;70.19999694824219
20/01/2011;69.9000015258789
21/01/2011;69.55000305175781
24/01/2011;69.9000015258789
26/01/2011;68.66000366210938
27/01/2011;67.30000305175781
28/01/2011;64.6500015258789
31/01/2011;64.37999725341797
01/02/2011;66.0999984741211
02/02/2011;66.47000122070312
03/02/2011;64.52999877929688
04/02/2011;63.29999923706055
07/02/2011;63.0099983215332
08/02/2011;63.0099983215332
09/02/2011;63.5
10/02/2011;62.79999923706055
11/02/2011;64.25
14/02/2011;65.5
15/02/2011;65.98999786376953
16/02/2011;66.0
17/02/2011;66.16999816894531
18/02/2011;66.75
21/02/2011;66.1500015258789
22/02/2011;65.0
23/02/2011;64.30000305175781
24/02/2011;64.30000305175781
25/02/2011;64.30000305175781
28/02/2011;65.44999694824219
01/03/2011;64.63999938964844
02/03/2011;65.37999725341797
03/03/2011;66.37000274658203
04/03/2011;66.80000305175781
09/03/2011;66.80000305175781
10/03/2011;66.05000305175781
11/03/2011;66.36000061035156
14/03/2011;66.69000244140625
15/03/2011;66.38999938964844
16/03/2011;66.44999694824219
17/03/2011;66.30000305175781
18/03/2011;66.05000305175781
21/03/2011;66.05000305175781
22/03/2011;66.80000305175781
23/03/2011;67.44000244140625
24/03/2011;67.75
25/03/2011;67.75
28/03/2011;67.31999969482422
29/03/2011;67.31999969482422
30/03/2011;67.72000122070312
31/03/2011;68.5
01/04/2011;69.4000015258789
04/04/2011;69.4000015258789
05/04/2011;70.54000091552734
06/04/2011;70.69999694824219
07/04/2011;70.56999969482422
08/04/2011;70.0
11/04/2011;70.80000305175781
12/04/2011;69.88999938964844
13/04/2011;69.5
14/04/2011;69.41000366210938
15/04/2011;69.55999755859375
18/04/2011;69.55999755859375
19/04/2011;69.55000305175781
20/04/2011;70.44999694824219
25/04/2011;70.30999755859375
26/04/2011;70.48999786376953
27/04/2011;69.87000274658203
28/04/2011;68.94999694824219
29/04/2011;69.4800033569336
02/05/2011;69.30000305175781
03/05/2011;68.44999694824219
04/05/2011;68.13999938964844
05/05/2011;67.94999694824219
06/05/2011;69.30000305175781
09/05/2011;69.30000305175781
10/05/2011;69.69999694824219
11/05/2011;69.0999984741211
12/05/2011;69.1500015258789
13/05/2011;69.61000061035156
16/05/2011;69.61000061035156
17/05/2011;68.77999877929688
18/05/2011;68.02999877929688
19/05/2011;67.56999969482422
20/05/2011;67.5999984741211
23/05/2011;66.94999694824219
24/05/2011;67.66000366210938
25/05/2011;67.69999694824219
26/05/2011;68.41000366210938
27/05/2011;68.52999877929688
30/05/2011;68.69000244140625
31/05/2011;69.3499984741211
01/06/2011;68.62999725341797
02/06/2011;68.9000015258789
03/06/2011;69.2699966430664
06/06/2011;68.19999694824219
07/06/2011;68.19999694824219
08/06/2011;68.6500015258789
09/06/2011;68.9000015258789
10/06/2011;68.36000061035156
13/06/2011;67.9800033569336
14/06/2011;67.91000366210938
15/06/2011;67.5999984741211
16/06/2011;66.69000244140625
17/06/2011;66.19999694824219
20/06/2011;66.66000366210938
21/06/2011;66.88999938964844
22/06/2011;66.5999984741211
24/06/2011;66.30000305175781
27/06/2011;66.4000015258789
28/06/2011;67.08000183105469
29/06/2011;67.1500015258789
30/06/2011;67.44999694824219
01/07/2011;68.04000091552734
04/07/2011;68.36000061035156
05/07/2011;67.75
06/07/2011;67.27999877929688
07/07/2011;67.23999786376953
08/07/2011;66.44999694824219
11/07/2011;65.02999877929688
12/07/2011;64.93000030517578
13/07/2011;65.48999786376953
14/07/2011;64.80000305175781
15/07/2011;64.30000305175781
18/07/2011;64.30000305175781
19/07/2011;63.59000015258789
20/07/2011;63.439998626708984
21/07/2011;64.41000366210938
22/07/2011;64.9000015258789
25/07/2011;64.9000015258789
26/07/2011;63.75
27/07/2011;62.619998931884766
28/07/2011;62.869998931884766
29/07/2011;62.869998931884766
01/08/2011;62.709999084472656
02/08/2011;61.72999954223633
03/08/2011;59.61000061035156
04/08/2011;56.5
05/08/2011;57.04999923706055
08/08/2011;52.40999984741211
09/08/2011;54.20000076293945
10/08/2011;53.61000061035156
11/08/2011;56.849998474121094
12/08/2011;56.849998474121094
15/08/2011;58.15999984741211
16/08/2011;57.5099983215332
17/08/2011;57.5099983215332
18/08/2011;56.5
19/08/2011;56.84000015258789
22/08/2011;56.779998779296875
23/08/2011;57.599998474121094
24/08/2011;57.560001373291016
25/08/2011;56.939998626708984
26/08/2011;57.08000183105469
29/08/2011;58.790000915527344
30/08/2011;60.0
31/08/2011;61.4900016784668
01/09/2011;63.41999816894531
02/09/2011;62.29999923706055
05/09/2011;60.7599983215332
06/09/2011;61.650001525878906
08/09/2011;62.79999923706055
09/09/2011;61.369998931884766
12/09/2011;60.4900016784668
13/09/2011;61.209999084472656
14/09/2011;61.22999954223633
15/09/2011;61.380001068115234
16/09/2011;61.56999969482422
19/09/2011;61.56999969482422
20/09/2011;60.59000015258789
21/09/2011;60.04999923706055
22/09/2011;57.06999969482422
23/09/2011;57.290000915527344
26/09/2011;57.290000915527344
27/09/2011;58.0
28/09/2011;57.31999969482422
29/09/2011;57.31999969482422
30/09/2011;56.81999969482422
03/10/2011;55.25
04/10/2011;55.25
05/10/2011;54.95000076293945
06/10/2011;56.2400016784668
07/10/2011;55.86000061035156
10/10/2011;57.04999923706055
11/10/2011;57.58000183105469
13/10/2011;58.150001525878906
14/10/2011;58.88999938964844
17/10/2011;58.88999938964844
18/10/2011;57.959999084472656
19/10/2011;59.33000183105469
20/10/2011;58.56999969482422
21/10/2011;59.400001525878906
24/10/2011;59.400001525878906
25/10/2011;59.86000061035156
26/10/2011;59.529998779296875
27/10/2011;60.060001373291016
28/10/2011;61.70000076293945
31/10/2011;61.77000045776367
01/11/2011;59.61000061035156
03/11/2011;59.970001220703125
04/11/2011;60.060001373291016
07/11/2011;60.2400016784668
08/11/2011;59.81999969482422
09/11/2011;58.709999084472656
10/11/2011;58.709999084472656
11/11/2011;59.65999984741211
14/11/2011;59.7599983215332
16/11/2011;59.66999816894531
17/11/2011;58.56999969482422
18/11/2011;58.11000061035156
21/11/2011;58.11000061035156
22/11/2011;57.08000183105469
23/11/2011;56.41999816894531
24/11/2011;56.70000076293945
25/11/2011;57.040000915527344
28/11/2011;57.47999954223633
29/11/2011;57.060001373291016
30/11/2011;58.459999084472656
01/12/2011;59.380001068115234
02/12/2011;59.189998626708984
05/12/2011;60.0099983215332
06/12/2011;60.29999923706055
07/12/2011;59.93000030517578
08/12/2011;59.93000030517578
09/12/2011;59.7599983215332
12/12/2011;59.7599983215332
13/12/2011;59.16999816894531
14/12/2011;58.79999923706055
15/12/2011;59.040000915527344
16/12/2011;59.279998779296875
19/12/2011;59.279998779296875
20/12/2011;58.81999969482422
21/12/2011;58.54999923706055
22/12/2011;58.0
23/12/2011;58.459999084472656
26/12/2011;58.720001220703125
27/12/2011;58.900001525878906
28/12/2011;58.459999084472656
29/12/2011;58.91999816894531
02/01/2012;59.79999923706055
03/01/2012;60.5
04/01/2012;59.95000076293945
05/01/2012;59.13999938964844
06/01/2012;59.41999816894531
09/01/2012;59.52000045776367
10/01/2012;59.9900016784668
11/01/2012;59.79999923706055
12/01/2012;59.68000030517578
13/01/2012;59.529998779296875
16/01/2012;60.349998474121094
17/01/2012;60.349998474121094
18/01/2012;61.599998474121094
19/01/2012;62.209999084472656
20/01/2012;62.59000015258789
23/01/2012;62.689998626708984
24/01/2012;62.58000183105469
26/01/2012;63.060001373291016
27/01/2012;63.0
30/01/2012;63.08000183105469
31/01/2012;63.75
01/02/2012;64.91999816894531
02/02/2012;65.4000015258789
03/02/2012;66.0
06/02/2012;66.08999633789062
07/02/2012;66.5999984741211
08/02/2012;66.5199966430664
09/02/2012;66.13999938964844
10/02/2012;65.77999877929688
13/02/2012;65.77999877929688
14/02/2012;66.66000366210938
15/02/2012;67.20999908447266
16/02/2012;68.4000015258789
17/02/2012;68.0
23/02/2012;69.19999694824219
24/02/2012;68.6500015258789
27/02/2012;68.27999877929688
28/02/2012;69.0
29/02/2012;69.33000183105469
01/03/2012;69.33000183105469
02/03/2012;70.23999786376953
05/03/2012;70.01000213623047
06/03/2012;68.6500015258789
07/03/2012;68.6500015258789
08/03/2012;71.13999938964844
09/03/2012;71.0
12/03/2012;70.0
13/03/2012;72.0
14/03/2012;71.9800033569336
15/03/2012;71.45999908447266
16/03/2012;71.0
19/03/2012;71.0
20/03/2012;71.12000274658203
21/03/2012;71.12000274658203
22/03/2012;71.5
23/03/2012;70.4000015258789
26/03/2012;71.5199966430664
27/03/2012;71.1500015258789
28/03/2012;70.75
29/03/2012;70.19999694824219
30/03/2012;70.19999694824219
02/04/2012;71.62000274658203
03/04/2012;71.36000061035156
04/04/2012;71.5
05/04/2012;71.47000122070312
09/04/2012;70.6500015258789
10/04/2012;69.58000183105469
11/04/2012;69.58000183105469
12/04/2012;69.5
13/04/2012;69.5
16/04/2012;69.5
17/04/2012;70.18000030517578
18/04/2012;70.80000305175781
19/04/2012;70.77999877929688
20/04/2012;70.70999908447266
23/04/2012;69.36000061035156
24/04/2012;70.2699966430664
25/04/2012;69.9800033569336
26/04/2012;69.69000244140625
27/04/2012;70.5
30/04/2012;70.5
02/05/2012;70.77999877929688
03/05/2012;71.25
04/05/2012;70.91000366210938
07/05/2012;70.81999969482422
08/05/2012;70.69999694824219
09/05/2012;70.2699966430664
10/05/2012;71.5
11/05/2012;71.5
14/05/2012;67.5
15/05/2012;66.01000213623047
16/05/2012;66.01000213623047
17/05/2012;62.720001220703125
18/05/2012;62.90999984741211
21/05/2012;62.90999984741211
22/05/2012;61.7400016784668
23/05/2012;61.31999969482422
24/05/2012;62.040000915527344
25/05/2012;62.68000030517578
28/05/2012;63.0
29/05/2012;63.349998474121094
30/05/2012;62.5
31/05/2012;62.5
01/06/2012;61.2400016784668
04/06/2012;60.849998474121094
05/06/2012;60.20000076293945
06/06/2012;61.40999984741211
08/06/2012;62.0
11/06/2012;62.0
12/06/2012;62.400001525878906
13/06/2012;62.93000030517578
14/06/2012;62.91999816894531
15/06/2012;63.869998931884766
18/06/2012;63.869998931884766
19/06/2012;64.81999969482422
20/06/2012;64.80000305175781
21/06/2012;63.900001525878906
22/06/2012;63.779998779296875
25/06/2012;62.79999923706055
26/06/2012;62.0
27/06/2012;62.25
28/06/2012;61.5099983215332
29/06/2012;63.43000030517578
02/07/2012;63.470001220703125
03/07/2012;64.72000122070312
04/07/2012;64.72000122070312
05/07/2012;65.06999969482422
06/07/2012;63.959999084472656
10/07/2012;63.36000061035156
11/07/2012;62.650001525878906
12/07/2012;62.099998474121094
13/07/2012;62.7400016784668
16/07/2012;62.7400016784668
17/07/2012;61.25
18/07/2012;62.709999084472656
19/07/2012;63.56999969482422
20/07/2012;62.599998474121094
23/07/2012;61.58000183105469
24/07/2012;61.900001525878906
25/07/2012;62.0
26/07/2012;63.0
27/07/2012;65.13999938964844
30/07/2012;65.37000274658203
31/07/2012;64.76000213623047
01/08/2012;65.5
02/08/2012;64.30000305175781
03/08/2012;65.51000213623047
06/08/2012;66.0999984741211
07/08/2012;66.0999984741211
08/08/2012;66.0999984741211
09/08/2012;66.9000015258789
10/08/2012;66.9000015258789
13/08/2012;66.9000015258789
14/08/2012;67.19999694824219
15/08/2012;66.95999908447266
16/08/2012;67.76000213623047
17/08/2012;68.0199966430664
20/08/2012;68.30000305175781
21/08/2012;68.43000030517578
22/08/2012;68.87999725341797
23/08/2012;68.11000061035156
24/08/2012;68.30000305175781
27/08/2012;68.5
28/08/2012;67.88999938964844
29/08/2012;69.04000091552734
30/08/2012;69.91000366210938
31/08/2012;69.83000183105469
03/09/2012;69.7699966430664
04/09/2012;69.05999755859375
05/09/2012;67.0
06/09/2012;70.16000366210938
10/09/2012;70.30000305175781
11/09/2012;70.80000305175781
12/09/2012;70.48999786376953
13/09/2012;72.36000061035156
14/09/2012;71.83000183105469
17/09/2012;71.44999694824219
18/09/2012;71.86000061035156
19/09/2012;71.94999694824219
20/09/2012;72.12000274658203
21/09/2012;72.19000244140625
24/09/2012;72.25
25/09/2012;72.05000305175781
26/09/2012;71.81999969482422
27/09/2012;71.91000366210938
28/09/2012;71.83999633789062
01/10/2012;72.7699966430664
02/10/2012;72.37999725341797
03/10/2012;72.12999725341797
04/10/2012;71.80999755859375
05/10/2012;72.30000305175781
08/10/2012;72.80000305175781
09/10/2012;72.37000274658203
10/10/2012;72.25
11/10/2012;72.75
15/10/2012;73.38999938964844
16/10/2012;73.44000244140625
17/10/2012;73.7300033569336
18/10/2012;73.33999633789062
19/10/2012;71.5999984741211
22/10/2012;72.44000244140625
23/10/2012;71.5999984741211
24/10/2012;71.36000061035156
25/10/2012;71.31999969482422
26/10/2012;70.94000244140625
29/10/2012;71.01000213623047
30/10/2012;71.12999725341797
31/10/2012;71.4000015258789
01/11/2012;72.38999938964844
05/11/2012;72.2699966430664
06/11/2012;73.08999633789062
07/11/2012;72.7699966430664
08/11/2012;72.33000183105469
09/11/2012;71.9000015258789
12/11/2012;71.16999816894531
13/11/2012;71.0
14/11/2012;70.1500015258789
16/11/2012;70.0
19/11/2012;70.37000274658203
21/11/2012;70.08999633789062
22/11/2012;70.54000091552734
23/11/2012;71.19000244140625
26/11/2012;70.19999694824219
27/11/2012;70.19999694824219
28/11/2012;70.1500015258789
29/11/2012;70.83000183105469
30/11/2012;70.94000244140625
03/12/2012;71.41000366210938
04/12/2012;71.38999938964844
05/12/2012;71.12999725341797
06/12/2012;71.80000305175781
07/12/2012;72.3499984741211
10/12/2012;75.0
11/12/2012;72.41000366210938
12/12/2012;72.44999694824219
13/12/2012;72.41000366210938
14/12/2012;72.69999694824219
17/12/2012;75.9000015258789
18/12/2012;73.93000030517578
19/12/2012;74.33999633789062
20/12/2012;74.0
21/12/2012;74.81999969482422
26/12/2012;75.1500015258789
27/12/2012;74.6500015258789
28/12/2012;75.5
02/01/2013;76.58999633789062
03/01/2013;76.69999694824219
04/01/2013;75.88999938964844
07/01/2013;75.6500015258789
08/01/2013;74.30999755859375
09/01/2013;74.86000061035156
10/01/2013;75.0
11/01/2013;74.95999908447266
14/01/2013;75.0
15/01/2013;74.68000030517578
16/01/2013;74.44999694824219
17/01/2013;75.37000274658203
18/01/2013;75.33999633789062
21/01/2013;75.80000305175781
22/01/2013;75.25
23/01/2013;75.79000091552734
24/01/2013;75.43000030517578
28/01/2013;74.9000015258789
29/01/2013;75.0
30/01/2013;75.01000213623047
31/01/2013;75.70999908447266
01/02/2013;76.5
04/02/2013;76.2300033569336
05/02/2013;76.16999816894531
06/02/2013;75.8499984741211
07/02/2013;75.43000030517578
08/02/2013;75.27999877929688
13/02/2013;75.2300033569336
14/02/2013;75.55999755859375
15/02/2013;75.4800033569336
18/02/2013;75.18000030517578
19/02/2013;74.9800033569336
20/02/2013;74.30000305175781
21/02/2013;73.94999694824219
22/02/2013;75.12000274658203
25/02/2013;75.19999694824219
26/02/2013;74.8499984741211
27/02/2013;75.4000015258789
28/02/2013;75.8499984741211
01/03/2013;74.80000305175781
04/03/2013;75.16000366210938
05/03/2013;75.16999816894531
06/03/2013;75.55999755859375
07/03/2013;75.86000061035156
08/03/2013;75.77999877929688
11/03/2013;75.81999969482422
12/03/2013;75.86000061035156
13/03/2013;75.41999816894531
14/03/2013;75.41000366210938
15/03/2013;75.37999725341797
18/03/2013;73.9800033569336
19/03/2013;73.52999877929688
20/03/2013;73.4000015258789
21/03/2013;72.98999786376953
22/03/2013;72.2300033569336
25/03/2013;72.05000305175781
26/03/2013;72.05000305175781
27/03/2013;72.3499984741211
28/03/2013;72.86000061035156
01/04/2013;72.80000305175781
02/04/2013;72.48999786376953
03/04/2013;72.0
04/04/2013;71.33000183105469
05/04/2013;72.0
08/04/2013;72.44000244140625
09/04/2013;72.81999969482422
10/04/2013;73.37999725341797
11/04/2013;73.0
12/04/2013;72.5
15/04/2013;70.69999694824219
16/04/2013;71.19999694824219
17/04/2013;69.94999694824219
18/04/2013;70.0999984741211
19/04/2013;70.4000015258789
22/04/2013;71.0
23/04/2013;71.4000015258789
24/04/2013;72.04000091552734
25/04/2013;72.0999984741211
26/04/2013;71.43000030517578
29/04/2013;71.72000122070312
30/04/2013;72.70999908447266
02/05/2013;71.55000305175781
03/05/2013;72.45999908447266
06/05/2013;72.2699966430664
07/05/2013;72.9000015258789
08/05/2013;72.5
09/05/2013;72.19999694824219
10/05/2013;72.29000091552734
13/05/2013;71.55000305175781
14/05/2013;72.0999984741211
15/05/2013;72.5
16/05/2013;72.79000091552734
17/05/2013;73.0
20/05/2013;72.80000305175781
21/05/2013;73.41000366210938
22/05/2013;74.3499984741211
23/05/2013;73.9000015258789
24/05/2013;74.44999694824219
27/05/2013;74.56999969482422
28/05/2013;74.8499984741211
29/05/2013;72.80000305175781
31/05/2013;71.31999969482422
03/06/2013;71.05000305175781
04/06/2013;71.0199966430664
05/06/2013;70.54000091552734
06/06/2013;70.31999969482422
07/06/2013;69.0
10/06/2013;68.1500015258789
11/06/2013;67.5
12/06/2013;66.3499984741211
13/06/2013;67.37000274658203
14/06/2013;66.80000305175781
17/06/2013;66.0
18/06/2013;66.02999877929688
19/06/2013;64.5
20/06/2013;64.0
21/06/2013;63.0
24/06/2013;62.0099983215332
25/06/2013;63.0
26/06/2013;64.0
27/06/2013;64.94000244140625
28/06/2013;64.29000091552734
01/07/2013;64.0
02/07/2013;61.43000030517578
03/07/2013;60.25
04/07/2013;61.06999969482422
05/07/2013;60.849998474121094
08/07/2013;60.900001525878906
10/07/2013;61.0
11/07/2013;62.4900016784668
12/07/2013;61.400001525878906
15/07/2013;62.599998474121094
16/07/2013;62.790000915527344
17/07/2013;63.20000076293945
18/07/2013;63.400001525878906
19/07/2013;63.0099983215332
22/07/2013;64.27999877929688
23/07/2013;64.13999938964844
24/07/2013;63.810001373291016
25/07/2013;64.41000366210938
26/07/2013;64.62000274658203
29/07/2013;65.0
30/07/2013;64.83000183105469
31/07/2013;64.30000305175781
01/08/2013;64.94000244140625
02/08/2013;64.18000030517578
05/08/2013;64.18000030517578
06/08/2013;63.11000061035156
07/08/2013;62.59000015258789
08/08/2013;63.91999816894531
09/08/2013;64.75
12/08/2013;64.86000061035156
13/08/2013;64.83000183105469
14/08/2013;64.6500015258789
15/08/2013;64.08999633789062
16/08/2013;64.19999694824219
19/08/2013;63.630001068115234
20/08/2013;63.0
21/08/2013;62.75
22/08/2013;62.65999984741211
23/08/2013;63.779998779296875
26/08/2013;63.349998474121094
27/08/2013;62.529998779296875
28/08/2013;62.310001373291016
29/08/2013;62.880001068115234
30/08/2013;63.52000045776367
02/09/2013;64.5999984741211
03/09/2013;64.38999938964844
04/09/2013;64.62000274658203
05/09/2013;65.05999755859375
06/09/2013;66.16000366210938
09/09/2013;66.94999694824219
10/09/2013;66.66000366210938
11/09/2013;66.05000305175781
12/09/2013;66.18000030517578
13/09/2013;66.55000305175781
16/09/2013;66.5
17/09/2013;66.9000015258789
18/09/2013;68.5
19/09/2013;68.0
20/09/2013;66.9000015258789
23/09/2013;67.0
24/09/2013;67.37000274658203
25/09/2013;67.41999816894531
26/09/2013;67.16000366210938
27/09/2013;67.23999786376953
30/09/2013;66.62000274658203
01/10/2013;66.8499984741211
02/10/2013;66.76000213623047
03/10/2013;66.69999694824219
04/10/2013;66.27999877929688
07/10/2013;66.1500015258789
08/10/2013;66.05000305175781
09/10/2013;66.51000213623047
10/10/2013;66.8499984741211
11/10/2013;66.94000244140625
14/10/2013;67.33000183105469
15/10/2013;67.2300033569336
16/10/2013;67.30000305175781
17/10/2013;66.94999694824219
18/10/2013;66.69999694824219
21/10/2013;66.94999694824219
22/10/2013;67.2300033569336
23/10/2013;66.55999755859375
24/10/2013;66.05999755859375
25/10/2013;65.94000244140625
28/10/2013;66.1500015258789
29/10/2013;65.87999725341797
30/10/2013;66.0
31/10/2013;65.95999908447266
01/11/2013;65.55000305175781
04/11/2013;65.8499984741211
05/11/2013;65.19000244140625
06/11/2013;63.939998626708984
07/11/2013;63.689998626708984
08/11/2013;63.439998626708984
11/11/2013;63.70000076293945
12/11/2013;63.18000030517578
13/11/2013;63.27000045776367
14/11/2013;65.05999755859375
18/11/2013;64.87999725341797
19/11/2013;64.0999984741211
21/11/2013;64.05999755859375
22/11/2013;64.7699966430664
25/11/2013;64.51000213623047
26/11/2013;64.7699966430664
27/11/2013;64.77999877929688
28/11/2013;64.81999969482422
29/11/2013;65.31999969482422
02/12/2013;64.58999633789062
03/12/2013;63.45000076293945
04/12/2013;63.04999923706055
05/12/2013;63.83000183105469
06/12/2013;64.0
09/12/2013;64.0
10/12/2013;64.19999694824219
11/12/2013;63.599998474121094
12/12/2013;63.400001525878906
13/12/2013;63.150001525878906
16/12/2013;62.849998474121094
17/12/2013;62.95000076293945
18/12/2013;63.150001525878906
19/12/2013;63.400001525878906
20/12/2013;63.599998474121094
23/12/2013;63.529998779296875
26/12/2013;63.599998474121094
27/12/2013;63.66999816894531
30/12/2013;64.18000030517578
02/01/2014;62.70000076293945
03/01/2014;63.400001525878906
06/01/2014;63.400001525878906
07/01/2014;62.70000076293945
08/01/2014;62.79999923706055
09/01/2014;61.38999938964844
10/01/2014;61.61000061035156
13/01/2014;61.599998474121094
14/01/2014;61.959999084472656
15/01/2014;62.34000015258789
16/01/2014;60.33000183105469
17/01/2014;61.5
20/01/2014;61.400001525878906
21/01/2014;61.22999954223633
22/01/2014;61.70000076293945
23/01/2014;61.099998474121094
24/01/2014;60.06999969482422
27/01/2014;60.04999923706055
28/01/2014;60.20000076293945
29/01/2014;59.599998474121094
30/01/2014;59.0
31/01/2014;58.83000183105469
03/02/2014;57.38999938964844
04/02/2014;57.75
05/02/2014;57.9900016784668
06/02/2014;58.04999923706055
07/02/2014;58.290000915527344
10/02/2014;57.779998779296875
11/02/2014;58.5099983215332
12/02/2014;58.52000045776367
13/02/2014;57.70000076293945
14/02/2014;57.959999084472656
17/02/2014;57.5099983215332
18/02/2014;56.380001068115234
19/02/2014;56.380001068115234
20/02/2014;56.810001373291016
21/02/2014;57.150001525878906
24/02/2014;57.630001068115234
25/02/2014;57.27000045776367
26/02/2014;57.400001525878906
27/02/2014;58.400001525878906
28/02/2014;58.130001068115234
05/03/2014;57.70000076293945
06/03/2014;58.11000061035156
07/03/2014;57.369998931884766
10/03/2014;56.36000061035156
11/03/2014;56.900001525878906
12/03/2014;56.7400016784668
13/03/2014;56.900001525878906
14/03/2014;56.61000061035156
17/03/2014;56.15999984741211
18/03/2014;57.0
19/03/2014;57.33000183105469
20/03/2014;58.0099983215332
21/03/2014;58.34000015258789
24/03/2014;58.47999954223633
25/03/2014;58.70000076293945
26/03/2014;58.099998474121094
27/03/2014;59.25
28/03/2014;60.0
31/03/2014;60.619998931884766
01/04/2014;60.36000061035156
02/04/2014;61.470001220703125
03/04/2014;60.869998931884766
04/04/2014;60.900001525878906
07/04/2014;60.939998626708984
08/04/2014;60.70000076293945
09/04/2014;60.5
10/04/2014;60.5
11/04/2014;60.540000915527344
14/04/2014;60.5
15/04/2014;59.79999923706055
16/04/2014;60.310001373291016
17/04/2014;60.75
22/04/2014;60.880001068115234
23/04/2014;60.189998626708984
24/04/2014;60.209999084472656
25/04/2014;59.599998474121094
28/04/2014;59.33000183105469
29/04/2014;59.79999923706055
30/04/2014;60.11000061035156
02/05/2014;60.72999954223633
05/05/2014;61.0
06/05/2014;61.099998474121094
07/05/2014;61.400001525878906
08/05/2014;61.369998931884766
09/05/2014;60.97999954223633
12/05/2014;61.560001373291016
13/05/2014;61.56999969482422
14/05/2014;61.5
15/05/2014;60.5
16/05/2014;60.5
19/05/2014;60.63999938964844
20/05/2014;60.25
21/05/2014;60.150001525878906
22/05/2014;60.47999954223633
23/05/2014;60.61000061035156
26/05/2014;60.66999816894531
27/05/2014;60.349998474121094
28/05/2014;60.75
29/05/2014;61.13999938964844
30/05/2014;60.70000076293945
02/06/2014;60.40999984741211
03/06/2014;60.849998474121094
04/06/2014;61.029998779296875
05/06/2014;61.31999969482422
06/06/2014;62.119998931884766
09/06/2014;63.09000015258789
10/06/2014;63.77000045776367
11/06/2014;64.0
13/06/2014;63.5
16/06/2014;63.189998626708984
17/06/2014;63.189998626708984
18/06/2014;64.9000015258789
20/06/2014;63.56999969482422
23/06/2014;63.54999923706055
24/06/2014;63.040000915527344
25/06/2014;63.0
26/06/2014;62.77000045776367
27/06/2014;62.31999969482422
30/06/2014;62.209999084472656
01/07/2014;61.709999084472656
02/07/2014;60.97999954223633
03/07/2014;61.08000183105469
04/07/2014;61.20000076293945
07/07/2014;61.27000045776367
08/07/2014;60.900001525878906
10/07/2014;60.349998474121094
11/07/2014;60.90999984741211
14/07/2014;61.25
15/07/2014;60.959999084472656
16/07/2014;60.83000183105469
17/07/2014;60.54999923706055
18/07/2014;61.5
21/07/2014;61.75
22/07/2014;61.47999954223633
23/07/2014;62.09000015258789
24/07/2014;62.5
25/07/2014;61.90999984741211
28/07/2014;61.720001220703125
29/07/2014;61.599998474121094
30/07/2014;60.81999969482422
31/07/2014;60.189998626708984
01/08/2014;60.099998474121094
04/08/2014;60.70000076293945
05/08/2014;60.099998474121094
06/08/2014;60.099998474121094
07/08/2014;60.099998474121094
08/08/2014;59.81999969482422
11/08/2014;60.2599983215332
12/08/2014;60.20000076293945
13/08/2014;60.2599983215332
14/08/2014;60.20000076293945
15/08/2014;61.0
18/08/2014;60.95000076293945
19/08/2014;61.5
20/08/2014;61.40999984741211
21/08/2014;61.849998474121094
22/08/2014;61.849998474121094
25/08/2014;62.220001220703125
26/08/2014;62.900001525878906
27/08/2014;64.05000305175781
28/08/2014;64.19999694824219
29/08/2014;64.62000274658203
01/09/2014;65.18000030517578
02/09/2014;65.47000122070312
03/09/2014;65.56999969482422
04/09/2014;65.18000030517578
05/09/2014;65.19000244140625
08/09/2014;63.790000915527344
09/09/2014;62.619998931884766
10/09/2014;62.04999923706055
11/09/2014;62.540000915527344
12/09/2014;61.5
15/09/2014;61.59000015258789
16/09/2014;61.97999954223633
17/09/2014;61.70000076293945
18/09/2014;61.2599983215332
19/09/2014;61.290000915527344
22/09/2014;59.869998931884766
23/09/2014;59.880001068115234
24/09/2014;60.0
25/09/2014;59.45000076293945
26/09/2014;59.84000015258789
29/09/2014;58.54999923706055
30/09/2014;58.59000015258789
01/10/2014;56.9900016784668
02/10/2014;57.099998474121094
03/10/2014;58.0099983215332
06/10/2014;60.0
07/10/2014;60.029998779296875
08/10/2014;59.689998626708984
09/10/2014;59.5
10/10/2014;59.5
13/10/2014;59.79999923706055
14/10/2014;59.349998474121094
15/10/2014;58.08000183105469
16/10/2014;57.150001525878906
17/10/2014;57.810001373291016
20/10/2014;56.869998931884766
21/10/2014;55.0
22/10/2014;55.0
23/10/2014;53.54999923706055
24/10/2014;54.75
27/10/2014;53.70000076293945
28/10/2014;55.68000030517578
29/10/2014;55.59000015258789
30/10/2014;56.5
31/10/2014;57.650001525878906
03/11/2014;57.0
04/11/2014;57.099998474121094
05/11/2014;57.099998474121094
06/11/2014;56.0
07/11/2014;55.81999969482422
10/11/2014;55.54999923706055
11/11/2014;55.29999923706055
12/11/2014;55.75
13/11/2014;55.09000015258789
14/11/2014;54.75
17/11/2014;54.34000015258789
18/11/2014;54.529998779296875
19/11/2014;55.349998474121094
21/11/2014;56.130001068115234
24/11/2014;57.400001525878906
25/11/2014;56.70000076293945
26/11/2014;56.65999984741211
27/11/2014;57.06999969482422
28/11/2014;57.279998779296875
01/12/2014;55.5
02/12/2014;55.08000183105469
03/12/2014;55.439998626708984
04/12/2014;55.0
05/12/2014;54.7400016784668
08/12/2014;54.0
09/12/2014;54.0
10/12/2014;54.0
11/12/2014;52.4900016784668
12/12/2014;52.0
15/12/2014;51.0
16/12/2014;50.0
17/12/2014;51.20000076293945
18/12/2014;51.27000045776367
19/12/2014;51.779998779296875
22/12/2014;52.0
23/12/2014;52.56999969482422
26/12/2014;52.52000045776367
29/12/2014;53.209999084472656
30/12/2014;53.11000061035156
02/01/2015;52.02000045776367
05/01/2015;50.54999923706055
06/01/2015;50.0
07/01/2015;51.25
08/01/2015;52.0
09/01/2015;51.0
12/01/2015;49.75
13/01/2015;49.7599983215332
14/01/2015;49.04999923706055
15/01/2015;49.11000061035156
16/01/2015;50.099998474121094
19/01/2015;48.90999984741211
20/01/2015;48.86000061035156
21/01/2015;49.75
22/01/2015;49.900001525878906
23/01/2015;49.369998931884766
26/01/2015;48.349998474121094
27/01/2015;48.290000915527344
28/01/2015;47.63999938964844
29/01/2015;47.709999084472656
30/01/2015;46.790000915527344
02/02/2015;47.369998931884766
03/02/2015;47.86000061035156
04/02/2015;47.91999816894531
05/02/2015;48.29999923706055
06/02/2015;48.0
09/02/2015;48.290000915527344
10/02/2015;47.959999084472656
11/02/2015;46.91999816894531
12/02/2015;47.650001525878906
13/02/2015;48.41999816894531
18/02/2015;49.2599983215332
19/02/2015;49.470001220703125
20/02/2015;49.29999923706055
23/02/2015;48.9900016784668
24/02/2015;49.34000015258789
25/02/2015;49.349998474121094
26/02/2015;50.349998474121094
27/02/2015;49.4900016784668
02/03/2015;49.310001373291016
03/03/2015;49.369998931884766
04/03/2015;48.70000076293945
05/03/2015;48.68000030517578
06/03/2015;48.38999938964844
09/03/2015;47.29999923706055
10/03/2015;47.209999084472656
11/03/2015;48.0
12/03/2015;48.0
13/03/2015;48.02000045776367
16/03/2015;48.040000915527344
17/03/2015;48.70000076293945
18/03/2015;49.47999954223633
19/03/2015;49.150001525878906
20/03/2015;50.0
23/03/2015;50.33000183105469
24/03/2015;50.290000915527344
25/03/2015;50.220001220703125
26/03/2015;49.560001373291016
27/03/2015;49.11000061035156
30/03/2015;49.77000045776367
31/03/2015;49.91999816894531
01/04/2015;50.59000015258789
02/04/2015;51.2599983215332
06/04/2015;52.209999084472656
07/04/2015;51.65999984741211
08/04/2015;51.599998474121094
09/04/2015;51.33000183105469
10/04/2015;51.439998626708984
13/04/2015;51.63999938964844
14/04/2015;51.54999923706055
15/04/2015;52.06999969482422
16/04/2015;51.91999816894531
17/04/2015;51.779998779296875
20/04/2015;51.619998931884766
22/04/2015;52.279998779296875
23/04/2015;52.7599983215332
24/04/2015;53.04999923706055
27/04/2015;52.459999084472656
28/04/2015;52.18000030517578
29/04/2015;51.29999923706055
30/04/2015;51.36000061035156
04/05/2015;52.220001220703125
05/05/2015;52.75
06/05/2015;52.20000076293945
07/05/2015;52.029998779296875
08/05/2015;52.38999938964844
11/05/2015;52.22999954223633
12/05/2015;51.900001525878906
13/05/2015;51.43000030517578
14/05/2015;51.91999816894531
15/05/2015;52.70000076293945
18/05/2015;52.060001373291016
19/05/2015;51.84000015258789
20/05/2015;52.029998779296875
21/05/2015;51.95000076293945
22/05/2015;51.36000061035156
25/05/2015;51.40999984741211
26/05/2015;50.599998474121094
27/05/2015;51.11000061035156
28/05/2015;50.9900016784668
29/05/2015;50.25
01/06/2015;50.650001525878906
02/06/2015;51.439998626708984
03/06/2015;51.040000915527344
05/06/2015;50.970001220703125
08/06/2015;50.70000076293945
09/06/2015;50.5
10/06/2015;50.720001220703125
11/06/2015;50.56999969482422
12/06/2015;50.2400016784668
15/06/2015;50.119998931884766
16/06/2015;50.029998779296875
17/06/2015;49.81999969482422
18/06/2015;50.16999816894531
19/06/2015;50.16999816894531
22/06/2015;50.290000915527344
23/06/2015;50.400001525878906
24/06/2015;50.0
25/06/2015;49.5099983215332
26/06/2015;49.7599983215332
29/06/2015;49.150001525878906
30/06/2015;49.56999969482422
01/07/2015;49.7599983215332
02/07/2015;50.0
03/07/2015;49.66999816894531
06/07/2015;49.599998474121094
07/07/2015;49.290000915527344
08/07/2015;49.04999923706055
10/07/2015;49.599998474121094
13/07/2015;49.810001373291016
14/07/2015;50.0
15/07/2015;50.2599983215332
16/07/2015;50.34000015258789
17/07/2015;49.790000915527344
20/07/2015;49.29999923706055
21/07/2015;49.15999984741211
22/07/2015;48.689998626708984
23/07/2015;47.5099983215332
24/07/2015;46.95000076293945
27/07/2015;46.72999954223633
28/07/2015;46.91999816894531
29/07/2015;47.2400016784668
30/07/2015;47.2400016784668
31/07/2015;47.709999084472656
03/08/2015;47.25
04/08/2015;47.36000061035156
05/08/2015;47.25
06/08/2015;46.650001525878906
07/08/2015;45.810001373291016
10/08/2015;45.84000015258789
11/08/2015;45.29999923706055
12/08/2015;45.540000915527344
13/08/2015;45.40999984741211
14/08/2015;45.27000045776367
17/08/2015;45.45000076293945
18/08/2015;45.349998474121094
19/08/2015;44.43000030517578
20/08/2015;44.560001373291016
21/08/2015;43.70000076293945
24/08/2015;42.43000030517578
25/08/2015;42.779998779296875
26/08/2015;43.41999816894531
27/08/2015;44.279998779296875
28/08/2015;44.20000076293945
31/08/2015;43.47999954223633
01/09/2015;42.619998931884766
02/09/2015;42.380001068115234
03/09/2015;43.13999938964844
04/09/2015;43.0
08/09/2015;43.04999923706055
09/09/2015;43.119998931884766
10/09/2015;42.7400016784668
11/09/2015;42.7400016784668
14/09/2015;44.220001220703125
15/09/2015;44.15999984741211
16/09/2015;45.29999923706055
17/09/2015;45.93000030517578
18/09/2015;44.779998779296875
21/09/2015;43.95000076293945
22/09/2015;43.20000076293945
23/09/2015;42.45000076293945
24/09/2015;42.349998474121094
25/09/2015;42.36000061035156
28/09/2015;41.54999923706055
29/09/2015;41.70000076293945
30/09/2015;42.18000030517578
01/10/2015;41.869998931884766
02/10/2015;43.25
05/10/2015;44.040000915527344
06/10/2015;44.619998931884766
07/10/2015;45.34000015258789
08/10/2015;46.0
09/10/2015;46.16999816894531
13/10/2015;45.0
14/10/2015;44.41999816894531
15/10/2015;44.810001373291016
16/10/2015;45.060001373291016
19/10/2015;45.31999969482422
20/10/2015;44.970001220703125
21/10/2015;45.15999984741211
22/10/2015;45.7400016784668
23/10/2015;46.150001525878906
26/10/2015;45.5
27/10/2015;45.529998779296875
28/10/2015;45.0
29/10/2015;44.81999969482422
30/10/2015;44.4900016784668
03/11/2015;46.099998474121094
04/11/2015;46.34000015258789
05/11/2015;46.849998474121094
06/11/2015;46.22999954223633
09/11/2015;45.90999984741211
10/11/2015;45.779998779296875
11/11/2015;46.599998474121094
12/11/2015;46.45000076293945
13/11/2015;46.13999938964844
16/11/2015;46.13999938964844
17/11/2015;46.43000030517578
18/11/2015;46.70000076293945
19/11/2015;46.79999923706055
23/11/2015;46.970001220703125
24/11/2015;46.470001220703125
25/11/2015;45.7599983215332
26/11/2015;45.79999923706055
27/11/2015;44.939998626708984
30/11/2015;43.56999969482422
01/12/2015;43.459999084472656
02/12/2015;43.0
03/12/2015;44.72999954223633
04/12/2015;43.459999084472656
07/12/2015;43.619998931884766
08/12/2015;42.689998626708984
09/12/2015;43.38999938964844
10/12/2015;42.849998474121094
11/12/2015;42.91999816894531
14/12/2015;42.099998474121094
15/12/2015;42.310001373291016
16/12/2015;41.849998474121094
17/12/2015;42.29999923706055
18/12/2015;41.029998779296875
21/12/2015;40.900001525878906
22/12/2015;40.86000061035156
23/12/2015;41.5099983215332
28/12/2015;41.54999923706055
29/12/2015;41.22999954223633
30/12/2015;41.529998779296875
04/01/2016;39.939998626708984
