Data;12 - Taxa de juros - CDI - % a.d.
03/01/2005;0,064893
04/01/2005;0,064759
05/01/2005;0,064759
06/01/2005;0,064759
07/01/2005;0,064725
10/01/2005;0,064725
11/01/2005;0,064691
12/01/2005;0,064759
13/01/2005;0,064691
14/01/2005;0,064759
17/01/2005;0,064826
18/01/2005;0,064792
19/01/2005;0,064792
20/01/2005;0,066442
21/01/2005;0,066475
24/01/2005;0,066509
25/01/2005;0,066509
26/01/2005;0,066442
27/01/2005;0,066475
28/01/2005;0,066442
31/01/2005;0,066542
01/02/2005;0,066542
02/02/2005;0,066576
03/02/2005;0,066542
04/02/2005;0,066542
09/02/2005;0,066542
10/02/2005;0,066475
11/02/2005;0,066475
14/02/2005;0,066442
15/02/2005;0,066442
16/02/2005;0,066374
17/02/2005;0,068051
18/02/2005;0,068017
21/02/2005;0,068017
22/02/2005;0,068017
23/02/2005;0,067984
24/02/2005;0,067984
25/02/2005;0,067984
28/02/2005;0,067984
01/03/2005;0,067950
02/03/2005;0,067883
03/03/2005;0,067883
04/03/2005;0,067850
07/03/2005;0,067917
08/03/2005;0,067850
09/03/2005;0,067816
10/03/2005;0,067783
11/03/2005;0,067783
14/03/2005;0,067783
15/03/2005;0,067816
16/03/2005;0,067850
17/03/2005;0,069553
18/03/2005;0,069620
21/03/2005;0,069653
22/03/2005;0,069686
23/03/2005;0,069720
24/03/2005;0,069753
28/03/2005;0,069720
29/03/2005;0,069720
30/03/2005;0,069686
31/03/2005;0,069753
01/04/2005;0,069753
04/04/2005;0,069753
05/04/2005;0,069786
06/04/2005;0,069753
07/04/2005;0,069753
08/04/2005;0,069720
11/04/2005;0,069720
12/04/2005;0,069653
13/04/2005;0,069686
14/04/2005;0,069686
15/04/2005;0,069653
18/04/2005;0,069653
19/04/2005;0,069686
20/04/2005;0,069653
22/04/2005;0,070352
25/04/2005;0,070419
26/04/2005;0,070419
27/04/2005;0,070485
28/04/2005;0,070518
29/04/2005;0,070585
02/05/2005;0,070651
03/05/2005;0,070651
04/05/2005;0,070651
05/05/2005;0,070651
06/05/2005;0,070685
09/05/2005;0,070618
10/05/2005;0,070618
11/05/2005;0,070618
12/05/2005;0,070618
13/05/2005;0,070585
16/05/2005;0,070651
17/05/2005;0,070651
18/05/2005;0,070618
19/05/2005;0,071415
20/05/2005;0,071415
23/05/2005;0,071415
24/05/2005;0,071415
25/05/2005;0,071382
27/05/2005;0,071415
30/05/2005;0,071481
31/05/2005;0,071614
01/06/2005;0,071614
02/06/2005;0,071548
03/06/2005;0,071515
06/06/2005;0,071481
07/06/2005;0,071481
08/06/2005;0,071415
09/06/2005;0,071415
10/06/2005;0,071448
13/06/2005;0,071481
14/06/2005;0,071481
15/06/2005;0,071481
16/06/2005;0,071448
17/06/2005;0,071481
20/06/2005;0,071448
21/06/2005;0,071415
22/06/2005;0,071448
23/06/2005;0,071448
24/06/2005;0,071481
27/06/2005;0,071515
28/06/2005;0,071515
29/06/2005;0,071515
30/06/2005;0,071515
01/07/2005;0,071481
04/07/2005;0,071515
05/07/2005;0,071448
06/07/2005;0,071448
07/07/2005;0,071415
08/07/2005;0,071349
11/07/2005;0,071415
12/07/2005;0,071382
13/07/2005;0,071382
14/07/2005;0,071415
15/07/2005;0,071415
18/07/2005;0,071382
19/07/2005;0,071382
20/07/2005;0,071349
21/07/2005;0,071349
22/07/2005;0,071349
25/07/2005;0,071349
26/07/2005;0,071316
27/07/2005;0,071282
28/07/2005;0,071282
29/07/2005;0,071316
01/08/2005;0,071349
02/08/2005;0,071382
03/08/2005;0,071382
04/08/2005;0,071382
05/08/2005;0,071349
08/08/2005;0,071349
09/08/2005;0,071316
10/08/2005;0,071316
11/08/2005;0,071316
12/08/2005;0,071316
15/08/2005;0,071282
16/08/2005;0,071249
17/08/2005;0,071183
18/08/2005;0,071116
19/08/2005;0,071216
22/08/2005;0,071249
23/08/2005;0,071249
24/08/2005;0,071282
25/08/2005;0,071282
26/08/2005;0,071249
29/08/2005;0,071349
30/08/2005;0,071349
31/08/2005;0,071415
01/09/2005;0,071448
02/09/2005;0,071448
05/09/2005;0,071448
06/09/2005;0,071415
08/09/2005;0,071349
09/09/2005;0,071349
12/09/2005;0,071382
13/09/2005;0,071349
14/09/2005;0,071349
15/09/2005;0,070585
16/09/2005;0,070585
19/09/2005;0,070585
20/09/2005;0,070552
21/09/2005;0,070452
22/09/2005;0,070485
23/09/2005;0,070452
26/09/2005;0,070518
27/09/2005;0,070485
28/09/2005;0,070518
29/09/2005;0,070552
30/09/2005;0,070751
03/10/2005;0,070618
04/10/2005;0,070485
05/10/2005;0,070452
06/10/2005;0,070385
07/10/2005;0,070419
10/10/2005;0,070385
11/10/2005;0,070419
13/10/2005;0,070319
14/10/2005;0,070319
17/10/2005;0,070252
18/10/2005;0,070286
19/10/2005;0,070286
20/10/2005;0,068719
21/10/2005;0,068686
24/10/2005;0,068652
25/10/2005;0,068686
26/10/2005;0,068619
27/10/2005;0,068652
28/10/2005;0,068619
31/10/2005;0,068786
01/11/2005;0,068919
03/11/2005;0,068819
04/11/2005;0,068886
07/11/2005;0,068886
08/11/2005;0,068853
09/11/2005;0,068886
10/11/2005;0,068886
11/11/2005;0,068853
14/11/2005;0,068886
16/11/2005;0,068786
17/11/2005;0,068786
18/11/2005;0,068786
21/11/2005;0,068686
22/11/2005;0,068686
23/11/2005;0,068585
24/11/2005;0,066979
25/11/2005;0,067012
28/11/2005;0,067012
29/11/2005;0,067079
30/11/2005;0,067146
01/12/2005;0,067146
02/12/2005;0,067113
05/12/2005;0,067146
06/12/2005;0,067113
07/12/2005;0,067113
08/12/2005;0,067012
09/12/2005;0,067012
12/12/2005;0,067012
13/12/2005;0,066979
14/12/2005;0,066912
15/12/2005;0,065365
16/12/2005;0,065399
19/12/2005;0,065466
20/12/2005;0,065500
21/12/2005;0,065534
22/12/2005;0,065534
23/12/2005;0,065534
26/12/2005;0,065500
27/12/2005;0,065500
28/12/2005;0,065466
29/12/2005;0,065635
30/12/2005;0,065668
02/01/2006;0,065500
03/01/2006;0,065500
04/01/2006;0,065466
05/01/2006;0,065433
06/01/2006;0,065433
09/01/2006;0,065399
10/01/2006;0,065332
11/01/2006;0,065332
12/01/2006;0,065365
13/01/2006;0,065332
16/01/2006;0,065332
17/01/2006;0,065298
18/01/2006;0,065298
19/01/2006;0,062696
20/01/2006;0,062730
23/01/2006;0,062865
24/01/2006;0,062967
25/01/2006;0,063035
26/01/2006;0,063272
27/01/2006;0,063001
30/01/2006;0,062763
31/01/2006;0,062662
01/02/2006;0,062831
02/02/2006;0,062933
03/02/2006;0,062933
06/02/2006;0,062933
07/02/2006;0,062933
08/02/2006;0,062933
09/02/2006;0,062933
10/02/2006;0,062899
13/02/2006;0,062865
14/02/2006;0,062899
15/02/2006;0,063068
16/02/2006;0,063035
17/02/2006;0,063068
20/02/2006;0,063068
21/02/2006;0,063068
22/02/2006;0,063136
23/02/2006;0,063136
24/02/2006;0,063305
01/03/2006;0,063305
02/03/2006;0,063305
03/03/2006;0,063272
06/03/2006;0,063238
07/03/2006;0,063204
08/03/2006;0,063136
09/03/2006;0,060656
10/03/2006;0,060588
13/03/2006;0,060588
14/03/2006;0,060554
15/03/2006;0,060520
16/03/2006;0,060486
17/03/2006;0,060486
20/03/2006;0,060486
21/03/2006;0,060486
22/03/2006;0,060520
23/03/2006;0,060588
24/03/2006;0,060520
27/03/2006;0,060520
28/03/2006;0,060554
29/03/2006;0,060554
30/03/2006;0,060588
31/03/2006;0,060656
03/04/2006;0,060452
04/04/2006;0,060383
05/04/2006;0,060349
06/04/2006;0,060315
07/04/2006;0,060281
10/04/2006;0,060281
11/04/2006;0,060281
12/04/2006;0,060281
13/04/2006;0,060281
17/04/2006;0,060281
18/04/2006;0,060281
19/04/2006;0,060281
20/04/2006;0,057714
24/04/2006;0,057680
25/04/2006;0,057646
26/04/2006;0,057611
27/04/2006;0,057646
28/04/2006;0,057886
02/05/2006;0,057852
03/05/2006;0,057852
04/05/2006;0,057783
05/05/2006;0,057852
08/05/2006;0,057886
09/05/2006;0,057817
10/05/2006;0,057749
11/05/2006;0,057714
12/05/2006;0,057749
15/05/2006;0,057852
16/05/2006;0,057920
17/05/2006;0,057749
18/05/2006;0,057714
19/05/2006;0,057680
22/05/2006;0,057646
23/05/2006;0,057646
24/05/2006;0,057646
25/05/2006;0,057680
26/05/2006;0,057646
29/05/2006;0,057646
30/05/2006;0,057680
31/05/2006;0,057714
01/06/2006;0,055994
02/06/2006;0,056063
05/06/2006;0,056097
06/06/2006;0,055994
07/06/2006;0,055960
08/06/2006;0,055960
09/06/2006;0,055960
12/06/2006;0,055994
13/06/2006;0,055994
14/06/2006;0,055960
16/06/2006;0,055960
19/06/2006;0,055960
20/06/2006;0,055960
21/06/2006;0,055994
22/06/2006;0,055960
23/06/2006;0,055960
26/06/2006;0,055960
27/06/2006;0,055925
28/06/2006;0,055925
29/06/2006;0,055891
30/06/2006;0,056097
03/07/2006;0,056097
04/07/2006;0,056028
05/07/2006;0,056028
06/07/2006;0,055994
07/07/2006;0,055960
10/07/2006;0,055960
11/07/2006;0,055925
12/07/2006;0,055960
13/07/2006;0,055925
14/07/2006;0,055891
17/07/2006;0,055925
18/07/2006;0,055925
19/07/2006;0,055891
20/07/2006;0,054197
21/07/2006;0,054162
24/07/2006;0,054128
25/07/2006;0,054128
26/07/2006;0,054093
27/07/2006;0,054058
28/07/2006;0,054058
31/07/2006;0,054197
01/08/2006;0,054128
02/08/2006;0,054128
03/08/2006;0,054128
04/08/2006;0,054128
07/08/2006;0,054093
08/08/2006;0,054128
09/08/2006;0,054128
10/08/2006;0,054093
11/08/2006;0,054162
14/08/2006;0,054197
15/08/2006;0,054232
16/08/2006;0,054232
17/08/2006;0,054197
18/08/2006;0,054232
21/08/2006;0,054232
22/08/2006;0,054232
23/08/2006;0,054197
24/08/2006;0,054162
25/08/2006;0,054162
28/08/2006;0,054128
29/08/2006;0,054128
30/08/2006;0,054058
31/08/2006;0,052392
01/09/2006;0,052461
04/09/2006;0,052461
05/09/2006;0,052427
06/09/2006;0,052461
08/09/2006;0,052427
11/09/2006;0,052392
12/09/2006;0,052322
13/09/2006;0,052357
14/09/2006;0,052357
15/09/2006;0,052322
18/09/2006;0,052322
19/09/2006;0,052357
20/09/2006;0,052322
21/09/2006;0,052322
22/09/2006;0,052322
25/09/2006;0,052392
26/09/2006;0,052357
27/09/2006;0,052461
28/09/2006;0,052461
29/09/2006;0,052635
02/10/2006;0,052566
03/10/2006;0,052496
04/10/2006;0,052496
05/10/2006;0,052496
06/10/2006;0,052461
09/10/2006;0,052392
10/10/2006;0,052357
11/10/2006;0,052322
13/10/2006;0,052287
16/10/2006;0,052287
17/10/2006;0,052322
18/10/2006;0,052357
19/10/2006;0,050613
20/10/2006;0,050613
23/10/2006;0,050613
24/10/2006;0,050613
25/10/2006;0,050613
26/10/2006;0,050613
27/10/2006;0,050613
30/10/2006;0,050578
31/10/2006;0,050788
01/11/2006;0,050753
03/11/2006;0,050753
06/11/2006;0,050893
07/11/2006;0,050858
08/11/2006;0,050788
09/11/2006;0,050718
10/11/2006;0,050718
13/11/2006;0,050718
14/11/2006;0,050718
16/11/2006;0,050683
17/11/2006;0,050648
20/11/2006;0,050648
21/11/2006;0,050683
22/11/2006;0,050648
23/11/2006;0,050683
24/11/2006;0,050648
27/11/2006;0,050648
28/11/2006;0,050613
29/11/2006;0,050613
30/11/2006;0,048967
01/12/2006;0,049002
04/12/2006;0,049037
05/12/2006;0,049037
06/12/2006;0,049002
07/12/2006;0,048932
08/12/2006;0,048967
11/12/2006;0,048897
12/12/2006;0,048862
13/12/2006;0,048862
14/12/2006;0,048862
15/12/2006;0,048897
18/12/2006;0,048932
19/12/2006;0,049002
20/12/2006;0,049037
21/12/2006;0,049037
22/12/2006;0,049002
26/12/2006;0,049073
27/12/2006;0,049073
28/12/2006;0,049108
29/12/2006;0,049108
02/01/2007;0,049073
03/01/2007;0,049073
04/01/2007;0,049073
05/01/2007;0,049108
08/01/2007;0,049143
09/01/2007;0,049143
10/01/2007;0,049037
11/01/2007;0,048932
12/01/2007;0,048967
15/01/2007;0,049002
16/01/2007;0,048932
17/01/2007;0,048932
18/01/2007;0,048967
19/01/2007;0,048897
22/01/2007;0,048932
23/01/2007;0,048932
24/01/2007;0,048511
25/01/2007;0,048054
26/01/2007;0,047948
29/01/2007;0,047983
30/01/2007;0,048054
31/01/2007;0,048194
01/02/2007;0,048230
02/02/2007;0,048194
05/02/2007;0,048230
06/02/2007;0,048159
07/02/2007;0,048124
08/02/2007;0,048124
09/02/2007;0,048089
12/02/2007;0,048089
13/02/2007;0,048124
14/02/2007;0,048124
15/02/2007;0,048089
16/02/2007;0,048124
21/02/2007;0,048194
22/02/2007;0,048054
23/02/2007;0,048054
26/02/2007;0,048054
27/02/2007;0,048019
28/02/2007;0,048159
01/03/2007;0,048159
02/03/2007;0,048159
05/03/2007;0,048159
06/03/2007;0,048124
07/03/2007;0,048054
08/03/2007;0,047244
09/03/2007;0,047314
12/03/2007;0,047279
13/03/2007;0,047173
14/03/2007;0,047209
15/03/2007;0,047209
16/03/2007;0,047279
19/03/2007;0,047279
20/03/2007;0,047244
21/03/2007;0,047279
22/03/2007;0,047209
23/03/2007;0,047138
26/03/2007;0,047103
27/03/2007;0,047103
28/03/2007;0,047138
29/03/2007;0,047173
30/03/2007;0,047314
02/04/2007;0,047350
03/04/2007;0,047279
04/04/2007;0,047244
05/04/2007;0,047314
09/04/2007;0,047279
10/04/2007;0,047209
11/04/2007;0,047209
12/04/2007;0,047209
13/04/2007;0,047209
16/04/2007;0,047244
17/04/2007;0,047173
18/04/2007;0,047103
19/04/2007;0,046291
20/04/2007;0,046291
23/04/2007;0,046256
24/04/2007;0,046185
25/04/2007;0,046150
26/04/2007;0,046150
27/04/2007;0,046150
30/04/2007;0,046150
02/05/2007;0,046150
03/05/2007;0,046150
04/05/2007;0,046185
07/05/2007;0,046256
08/05/2007;0,046221
09/05/2007;0,046221
10/05/2007;0,046256
11/05/2007;0,046221
14/05/2007;0,046256
15/05/2007;0,046221
16/05/2007;0,046185
17/05/2007;0,046256
18/05/2007;0,046221
21/05/2007;0,046221
22/05/2007;0,046221
23/05/2007;0,046221
24/05/2007;0,046185
25/05/2007;0,046256
28/05/2007;0,046291
29/05/2007;0,046327
30/05/2007;0,046291
31/05/2007;0,046362
01/06/2007;0,046362
04/06/2007;0,046362
05/06/2007;0,046397
06/06/2007;0,046327
08/06/2007;0,044556
11/06/2007;0,044556
12/06/2007;0,044521
13/06/2007;0,044521
14/06/2007;0,044485
15/06/2007;0,044485
18/06/2007;0,044521
19/06/2007;0,044521
20/06/2007;0,044485
21/06/2007;0,044485
22/06/2007;0,044485
25/06/2007;0,044485
26/06/2007;0,044485
27/06/2007;0,044485
28/06/2007;0,044521
29/06/2007;0,044592
02/07/2007;0,044556
03/07/2007;0,044521
04/07/2007;0,044521
05/07/2007;0,044521
06/07/2007;0,044556
09/07/2007;0,044592
10/07/2007;0,044521
11/07/2007;0,044556
12/07/2007;0,044521
13/07/2007;0,044485
16/07/2007;0,044485
17/07/2007;0,044485
18/07/2007;0,044556
19/07/2007;0,042671
20/07/2007;0,042742
23/07/2007;0,042778
24/07/2007;0,042814
25/07/2007;0,042778
26/07/2007;0,042742
27/07/2007;0,042778
30/07/2007;0,042778
31/07/2007;0,042742
01/08/2007;0,042778
02/08/2007;0,042814
03/08/2007;0,042849
06/08/2007;0,042849
07/08/2007;0,042778
08/08/2007;0,042742
09/08/2007;0,042707
10/08/2007;0,042742
13/08/2007;0,042707
14/08/2007;0,042742
15/08/2007;0,042707
16/08/2007;0,042707
17/08/2007;0,042742
20/08/2007;0,042742
21/08/2007;0,042707
22/08/2007;0,042707
23/08/2007;0,042671
24/08/2007;0,042742
27/08/2007;0,042707
28/08/2007;0,042707
29/08/2007;0,042707
30/08/2007;0,042707
31/08/2007;0,042921
03/09/2007;0,043027
04/09/2007;0,042814
05/09/2007;0,042742
06/09/2007;0,041922
10/09/2007;0,041922
11/09/2007;0,041886
12/09/2007;0,041850
13/09/2007;0,041814
14/09/2007;0,041850
17/09/2007;0,041814
18/09/2007;0,041850
19/09/2007;0,041779
20/09/2007;0,041743
21/09/2007;0,041743
24/09/2007;0,041707
25/09/2007;0,041707
26/09/2007;0,041743
27/09/2007;0,041779
28/09/2007;0,041850
01/10/2007;0,041850
02/10/2007;0,041850
03/10/2007;0,041814
04/10/2007;0,041814
05/10/2007;0,041814
08/10/2007;0,041814
09/10/2007;0,041814
10/10/2007;0,041814
11/10/2007;0,041814
15/10/2007;0,041850
16/10/2007;0,041850
17/10/2007;0,041743
18/10/2007;0,041779
19/10/2007;0,041814
22/10/2007;0,041850
23/10/2007;0,041814
24/10/2007;0,041850
25/10/2007;0,041850
26/10/2007;0,041814
29/10/2007;0,041850
30/10/2007;0,041814
31/10/2007;0,041743
01/11/2007;0,041779
05/11/2007;0,041814
06/11/2007;0,041814
07/11/2007;0,041814
08/11/2007;0,041779
09/11/2007;0,041779
12/11/2007;0,041814
13/11/2007;0,041886
14/11/2007;0,041814
16/11/2007;0,041779
19/11/2007;0,041886
20/11/2007;0,041886
21/11/2007;0,041886
22/11/2007;0,041850
23/11/2007;0,041779
26/11/2007;0,041814
27/11/2007;0,041886
28/11/2007;0,041814
29/11/2007;0,041779
30/11/2007;0,041850
03/12/2007;0,041886
04/12/2007;0,041886
05/12/2007;0,041922
06/12/2007;0,041850
07/12/2007;0,041779
10/12/2007;0,041814
11/12/2007;0,041743
12/12/2007;0,041743
13/12/2007;0,041707
14/12/2007;0,041707
17/12/2007;0,041707
18/12/2007;0,041743
19/12/2007;0,041779
20/12/2007;0,041743
21/12/2007;0,041886
24/12/2007;0,041886
26/12/2007;0,041814
27/12/2007;0,041814
28/12/2007;0,041850
31/12/2007;0,041850
02/01/2008;0,041743
03/01/2008;0,041743
04/01/2008;0,041564
07/01/2008;0,041707
08/01/2008;0,041743
09/01/2008;0,041779
10/01/2008;0,041814
11/01/2008;0,041743
14/01/2008;0,041743
15/01/2008;0,041707
16/01/2008;0,041707
17/01/2008;0,041672
18/01/2008;0,041672
21/01/2008;0,041707
22/01/2008;0,041707
23/01/2008;0,041707
24/01/2008;0,041743
25/01/2008;0,041743
28/01/2008;0,041743
29/01/2008;0,041707
30/01/2008;0,041743
31/01/2008;0,041779
01/02/2008;0,041743
06/02/2008;0,041779
07/02/2008;0,041743
08/02/2008;0,041707
11/02/2008;0,041743
12/02/2008;0,041743
13/02/2008;0,041707
14/02/2008;0,041672
15/02/2008;0,041636
18/02/2008;0,041672
19/02/2008;0,041636
20/02/2008;0,041636
21/02/2008;0,041600
22/02/2008;0,041636
25/02/2008;0,041636
26/02/2008;0,041672
27/02/2008;0,041672
28/02/2008;0,041707
29/02/2008;0,041707
03/03/2008;0,041779
04/03/2008;0,041743
05/03/2008;0,041707
06/03/2008;0,041707
07/03/2008;0,041743
10/03/2008;0,041743
11/03/2008;0,041779
12/03/2008;0,041707
13/03/2008;0,041707
14/03/2008;0,041779
17/03/2008;0,041743
18/03/2008;0,041743
19/03/2008;0,041779
20/03/2008;0,041814
24/03/2008;0,041779
25/03/2008;0,041779
26/03/2008;0,041743
27/03/2008;0,041743
28/03/2008;0,041743
31/03/2008;0,041957
01/04/2008;0,041922
02/04/2008;0,041779
03/04/2008;0,041957
04/04/2008;0,041886
07/04/2008;0,041957
08/04/2008;0,041814
09/04/2008;0,041779
10/04/2008;0,041814
11/04/2008;0,041814
14/04/2008;0,041814
15/04/2008;0,041850
16/04/2008;0,041850
17/04/2008;0,043633
18/04/2008;0,043633
22/04/2008;0,043597
23/04/2008;0,043490
24/04/2008;0,043490
25/04/2008;0,043526
28/04/2008;0,043490
29/04/2008;0,043455
30/04/2008;0,043455
02/05/2008;0,043490
05/05/2008;0,043419
06/05/2008;0,043419
07/05/2008;0,043384
08/05/2008;0,043384
09/05/2008;0,043419
12/05/2008;0,043419
13/05/2008;0,043419
14/05/2008;0,043348
15/05/2008;0,043348
16/05/2008;0,043348
19/05/2008;0,043312
20/05/2008;0,043384
21/05/2008;0,043384
23/05/2008;0,043348
26/05/2008;0,043384
27/05/2008;0,043384
28/05/2008;0,043348
29/05/2008;0,043312
30/05/2008;0,043384
02/06/2008;0,043419
03/06/2008;0,043348
04/06/2008;0,043312
05/06/2008;0,045088
06/06/2008;0,045088
09/06/2008;0,045124
10/06/2008;0,045194
11/06/2008;0,045230
12/06/2008;0,045265
13/06/2008;0,045230
16/06/2008;0,045230
17/06/2008;0,045265
18/06/2008;0,045194
19/06/2008;0,045194
20/06/2008;0,045194
23/06/2008;0,045301
24/06/2008;0,045265
25/06/2008;0,045265
26/06/2008;0,045230
27/06/2008;0,045230
30/06/2008;0,045301
01/07/2008;0,045619
02/07/2008;0,045442
03/07/2008;0,045336
04/07/2008;0,045407
07/07/2008;0,045372
08/07/2008;0,045442
09/07/2008;0,045478
10/07/2008;0,045407
11/07/2008;0,045372
14/07/2008;0,045301
15/07/2008;0,045265
16/07/2008;0,045336
17/07/2008;0,045301
18/07/2008;0,045301
21/07/2008;0,045336
22/07/2008;0,045265
23/07/2008;0,045230
24/07/2008;0,047948
25/07/2008;0,047948
28/07/2008;0,047913
29/07/2008;0,047913
30/07/2008;0,047948
31/07/2008;0,047983
01/08/2008;0,048089
04/08/2008;0,048019
05/08/2008;0,048054
06/08/2008;0,048054
07/08/2008;0,048054
08/08/2008;0,048019
11/08/2008;0,047948
12/08/2008;0,047948
13/08/2008;0,047983
14/08/2008;0,047983
15/08/2008;0,047983
18/08/2008;0,048089
19/08/2008;0,048054
20/08/2008;0,048019
21/08/2008;0,048019
22/08/2008;0,047948
25/08/2008;0,047983
26/08/2008;0,047948
27/08/2008;0,047948
28/08/2008;0,047948
29/08/2008;0,047878
01/09/2008;0,047948
02/09/2008;0,047913
03/09/2008;0,048054
04/09/2008;0,047948
05/09/2008;0,047843
08/09/2008;0,048124
09/09/2008;0,048019
10/09/2008;0,048089
11/09/2008;0,050718
12/09/2008;0,050578
15/09/2008;0,050578
16/09/2008;0,050613
17/09/2008;0,050543
18/09/2008;0,050543
19/09/2008;0,050788
22/09/2008;0,050893
23/09/2008;0,050683
24/09/2008;0,050578
25/09/2008;0,050613
26/09/2008;0,050613
29/09/2008;0,050543
30/09/2008;0,050578
01/10/2008;0,050543
02/10/2008;0,050648
03/10/2008;0,050788
06/10/2008;0,051137
07/10/2008;0,050963
08/10/2008;0,050858
09/10/2008;0,050788
10/10/2008;0,050823
13/10/2008;0,050998
14/10/2008;0,050753
15/10/2008;0,050893
16/10/2008;0,050823
17/10/2008;0,050753
20/10/2008;0,050858
21/10/2008;0,050683
22/10/2008;0,050439
23/10/2008;0,050613
24/10/2008;0,050718
27/10/2008;0,050718
28/10/2008;0,050753
29/10/2008;0,050683
30/10/2008;0,050508
31/10/2008;0,050578
03/11/2008;0,050543
04/11/2008;0,050474
05/11/2008;0,050474
06/11/2008;0,050264
07/11/2008;0,050229
10/11/2008;0,050264
11/11/2008;0,050124
12/11/2008;0,049914
13/11/2008;0,049353
14/11/2008;0,049388
17/11/2008;0,049493
18/11/2008;0,049388
19/11/2008;0,048230
20/11/2008;0,048054
21/11/2008;0,048792
24/11/2008;0,049073
25/11/2008;0,049002
26/11/2008;0,049037
27/11/2008;0,049283
28/11/2008;0,049774
01/12/2008;0,050159
02/12/2008;0,050194
03/12/2008;0,050124
04/12/2008;0,050159
05/12/2008;0,050124
08/12/2008;0,050124
09/12/2008;0,050159
10/12/2008;0,050124
11/12/2008;0,050124
12/12/2008;0,050089
15/12/2008;0,050124
16/12/2008;0,050124
17/12/2008;0,050194
18/12/2008;0,050264
19/12/2008;0,050124
22/12/2008;0,050299
23/12/2008;0,050159
24/12/2008;0,050334
26/12/2008;0,050299
29/12/2008;0,050578
30/12/2008;0,050648
31/12/2008;0,050683
02/01/2009;0,050683
05/01/2009;0,050578
06/01/2009;0,050613
07/01/2009;0,050648
08/01/2009;0,050613
09/01/2009;0,050648
12/01/2009;0,050613
13/01/2009;0,050613
14/01/2009;0,050613
15/01/2009;0,050683
16/01/2009;0,050648
19/01/2009;0,049844
20/01/2009;0,050089
21/01/2009;0,050648
22/01/2009;0,047138
23/01/2009;0,047138
26/01/2009;0,047173
27/01/2009;0,047173
28/01/2009;0,047173
29/01/2009;0,047173
30/01/2009;0,047138
02/02/2009;0,047209
03/02/2009;0,047173
04/02/2009;0,047209
05/02/2009;0,047209
06/02/2009;0,047209
09/02/2009;0,047173
10/02/2009;0,047209
11/02/2009;0,047173
12/02/2009;0,047209
13/02/2009;0,047173
16/02/2009;0,047209
17/02/2009;0,047173
18/02/2009;0,047173
19/02/2009;0,047173
20/02/2009;0,047173
25/02/2009;0,047173
26/02/2009;0,047173
27/02/2009;0,047103
02/03/2009;0,047138
03/03/2009;0,047173
04/03/2009;0,047173
05/03/2009;0,047173
06/03/2009;0,047173
09/03/2009;0,047173
10/03/2009;0,047173
11/03/2009;0,047103
12/03/2009;0,041850
13/03/2009;0,041850
16/03/2009;0,041600
17/03/2009;0,041493
18/03/2009;0,041814
19/03/2009;0,041886
20/03/2009;0,041886
23/03/2009;0,041886
24/03/2009;0,041850
25/03/2009;0,041850
26/03/2009;0,041850
27/03/2009;0,041779
30/03/2009;0,041529
31/03/2009;0,041707
01/04/2009;0,041886
02/04/2009;0,041886
03/04/2009;0,041886
06/04/2009;0,041886
07/04/2009;0,041886
08/04/2009;0,041886
09/04/2009;0,041886
13/04/2009;0,041529
14/04/2009;0,041493
15/04/2009;0,041886
16/04/2009;0,041886
17/04/2009;0,041636
20/04/2009;0,041672
22/04/2009;0,041850
23/04/2009;0,041886
24/04/2009;0,041886
27/04/2009;0,041886
28/04/2009;0,041850
29/04/2009;0,041386
30/04/2009;0,038261
04/05/2009;0,038298
05/05/2009;0,038298
06/05/2009;0,038298
07/05/2009;0,038298
08/05/2009;0,038261
11/05/2009;0,038261
12/05/2009;0,038261
13/05/2009;0,038261
14/05/2009;0,038261
15/05/2009;0,038298
18/05/2009;0,038298
19/05/2009;0,038298
20/05/2009;0,038298
21/05/2009;0,037901
22/05/2009;0,037793
25/05/2009;0,037756
26/05/2009;0,038261
27/05/2009;0,038261
28/05/2009;0,038189
29/05/2009;0,037865
01/06/2009;0,037829
02/06/2009;0,038189
03/06/2009;0,038009
04/06/2009;0,038153
05/06/2009;0,038189
08/06/2009;0,037865
09/06/2009;0,037468
10/06/2009;0,037612
12/06/2009;0,034604
15/06/2009;0,034240
16/06/2009;0,034167
17/06/2009;0,034167
18/06/2009;0,034203
19/06/2009;0,034240
22/06/2009;0,034131
23/06/2009;0,034131
24/06/2009;0,034094
25/06/2009;0,034167
26/06/2009;0,034640
29/06/2009;0,034604
30/06/2009;0,034058
01/07/2009;0,034495
02/07/2009;0,034567
03/07/2009;0,034604
06/07/2009;0,034640
07/07/2009;0,034640
08/07/2009;0,034276
09/07/2009;0,034240
10/07/2009;0,034677
13/07/2009;0,034640
14/07/2009;0,034203
15/07/2009;0,034058
16/07/2009;0,034677
17/07/2009;0,034677
20/07/2009;0,034677
21/07/2009;0,034640
22/07/2009;0,034203
23/07/2009;0,032817
24/07/2009;0,032817
27/07/2009;0,032817
28/07/2009;0,032415
29/07/2009;0,032817
30/07/2009;0,032780
31/07/2009;0,032780
03/08/2009;0,032854
04/08/2009;0,032780
05/08/2009;0,032780
06/08/2009;0,032817
07/08/2009;0,032817
10/08/2009;0,032817
11/08/2009;0,032817
12/08/2009;0,032817
13/08/2009;0,032817
14/08/2009;0,032817
17/08/2009;0,032817
18/08/2009;0,032817
19/08/2009;0,032854
20/08/2009;0,032854
21/08/2009;0,032817
24/08/2009;0,032817
25/08/2009;0,032817
26/08/2009;0,032817
27/08/2009;0,032817
28/08/2009;0,032817
31/08/2009;0,032817
01/09/2009;0,032817
02/09/2009;0,032817
03/09/2009;0,032817
04/09/2009;0,032817
08/09/2009;0,032817
09/09/2009;0,032854
10/09/2009;0,032854
11/09/2009;0,032854
14/09/2009;0,032854
15/09/2009;0,032817
16/09/2009;0,032854
17/09/2009;0,032817
18/09/2009;0,032854
21/09/2009;0,032817
22/09/2009;0,032854
23/09/2009;0,032854
24/09/2009;0,032817
25/09/2009;0,032817
28/09/2009;0,032817
29/09/2009;0,032707
30/09/2009;0,032744
01/10/2009;0,032817
02/10/2009;0,032817
05/10/2009;0,032817
06/10/2009;0,032817
07/10/2009;0,032817
08/10/2009;0,032780
09/10/2009;0,032780
13/10/2009;0,032780
14/10/2009;0,032780
15/10/2009;0,032780
16/10/2009;0,032817
19/10/2009;0,032817
20/10/2009;0,032817
21/10/2009;0,032817
22/10/2009;0,032817
23/10/2009;0,032817
26/10/2009;0,032817
27/10/2009;0,032817
28/10/2009;0,032780
29/10/2009;0,032817
30/10/2009;0,032817
03/11/2009;0,032854
04/11/2009;0,032854
05/11/2009;0,032854
06/11/2009;0,032854
09/11/2009;0,032854
10/11/2009;0,032854
11/11/2009;0,032890
12/11/2009;0,032854
13/11/2009;0,032854
16/11/2009;0,032854
17/11/2009;0,032817
18/11/2009;0,032817
19/11/2009;0,032817
20/11/2009;0,032854
23/11/2009;0,032780
24/11/2009;0,032890
25/11/2009;0,032927
26/11/2009;0,032927
27/11/2009;0,032744
30/11/2009;0,032817
01/12/2009;0,032744
02/12/2009;0,032854
03/12/2009;0,032854
04/12/2009;0,032817
07/12/2009;0,032598
08/12/2009;0,032780
09/12/2009;0,032854
10/12/2009;0,032817
11/12/2009;0,032817
14/12/2009;0,032817
15/12/2009;0,032854
16/12/2009;0,032854
17/12/2009;0,032854
18/12/2009;0,032854
21/12/2009;0,032890
22/12/2009;0,032817
23/12/2009;0,032780
24/12/2009;0,032780
28/12/2009;0,032817
29/12/2009;0,032817
30/12/2009;0,032561
31/12/2009;0,032561
04/01/2010;0,032780
05/01/2010;0,032780
06/01/2010;0,032780
07/01/2010;0,032817
08/01/2010;0,032817
11/01/2010;0,032817
12/01/2010;0,032817
13/01/2010;0,032817
14/01/2010;0,032817
15/01/2010;0,032780
18/01/2010;0,032780
19/01/2010;0,032780
20/01/2010;0,032817
21/01/2010;0,032817
22/01/2010;0,032817
25/01/2010;0,032817
26/01/2010;0,032817
27/01/2010;0,032817
28/01/2010;0,032817
29/01/2010;0,032854
01/02/2010;0,032854
02/02/2010;0,032817
03/02/2010;0,032780
04/02/2010;0,032817
05/02/2010;0,032817
08/02/2010;0,032817
09/02/2010;0,032817
10/02/2010;0,032817
11/02/2010;0,032817
12/02/2010;0,032817
17/02/2010;0,032817
18/02/2010;0,032854
19/02/2010;0,032854
22/02/2010;0,032854
23/02/2010;0,032854
24/02/2010;0,032817
25/02/2010;0,032817
26/02/2010;0,032817
01/03/2010;0,032780
02/03/2010;0,032817
03/03/2010;0,032817
04/03/2010;0,032780
05/03/2010;0,032780
08/03/2010;0,032854
09/03/2010;0,032854
10/03/2010;0,032854
11/03/2010;0,032817
12/03/2010;0,032780
15/03/2010;0,032817
16/03/2010;0,032780
17/03/2010;0,032817
18/03/2010;0,032780
19/03/2010;0,032817
22/03/2010;0,032817
23/03/2010;0,032817
24/03/2010;0,032817
25/03/2010;0,032780
26/03/2010;0,032744
29/03/2010;0,032598
30/03/2010;0,032707
31/03/2010;0,032780
01/04/2010;0,032671
05/04/2010;0,032780
06/04/2010;0,032817
07/04/2010;0,032854
08/04/2010;0,032817
09/04/2010;0,032817
12/04/2010;0,032854
13/04/2010;0,032817
14/04/2010;0,032780
15/04/2010;0,032817
16/04/2010;0,032854
19/04/2010;0,032854
20/04/2010;0,032854
22/04/2010;0,032817
23/04/2010;0,032817
26/04/2010;0,032817
27/04/2010;0,032854
28/04/2010;0,032817
29/04/2010;0,035585
30/04/2010;0,035585
03/05/2010;0,035694
04/05/2010;0,035694
05/05/2010;0,035694
06/05/2010;0,035621
07/05/2010;0,035621
10/05/2010;0,035585
11/05/2010;0,035549
12/05/2010;0,035585
13/05/2010;0,035585
14/05/2010;0,035585
17/05/2010;0,035585
18/05/2010;0,035549
19/05/2010;0,035549
20/05/2010;0,035549
21/05/2010;0,035549
24/05/2010;0,035585
25/05/2010;0,035585
26/05/2010;0,035585
27/05/2010;0,035549
28/05/2010;0,035585
31/05/2010;0,035549
01/06/2010;0,035657
02/06/2010;0,035657
04/06/2010;0,035621
07/06/2010;0,035657
08/06/2010;0,035621
09/06/2010;0,035585
10/06/2010;0,038261
11/06/2010;0,038117
14/06/2010;0,038225
15/06/2010;0,038298
16/06/2010;0,038261
17/06/2010;0,038261
18/06/2010;0,038298
21/06/2010;0,038298
22/06/2010;0,038298
23/06/2010;0,038298
24/06/2010;0,038298
25/06/2010;0,038298
28/06/2010;0,038298
29/06/2010;0,038298
30/06/2010;0,038261
01/07/2010;0,038334
02/07/2010;0,038334
05/07/2010;0,038334
06/07/2010;0,038334
07/07/2010;0,038334
08/07/2010;0,038334
09/07/2010;0,038334
12/07/2010;0,038334
13/07/2010;0,038334
14/07/2010;0,038298
15/07/2010;0,038334
16/07/2010;0,038334
19/07/2010;0,038298
20/07/2010;0,038334
21/07/2010;0,038334
22/07/2010;0,040132
23/07/2010;0,040132
26/07/2010;0,040132
27/07/2010;0,040096
28/07/2010;0,040096
29/07/2010;0,040096
30/07/2010;0,040096
02/08/2010;0,040168
03/08/2010;0,040132
04/08/2010;0,040132
05/08/2010;0,040132
06/08/2010;0,040132
09/08/2010;0,040132
10/08/2010;0,040132
11/08/2010;0,040132
12/08/2010;0,040132
13/08/2010;0,040132
16/08/2010;0,040132
17/08/2010;0,040132
18/08/2010;0,040096
19/08/2010;0,040096
20/08/2010;0,040096
23/08/2010;0,040096
24/08/2010;0,040096
25/08/2010;0,040132
26/08/2010;0,040096
27/08/2010;0,040132
30/08/2010;0,040024
31/08/2010;0,040096
01/09/2010;0,040096
02/09/2010;0,040096
03/09/2010;0,040060
06/09/2010;0,040024
08/09/2010;0,040060
09/09/2010;0,040132
10/09/2010;0,040096
13/09/2010;0,040060
14/09/2010;0,040060
15/09/2010;0,039916
16/09/2010;0,039988
17/09/2010;0,040060
20/09/2010;0,040060
21/09/2010;0,040060
22/09/2010;0,040060
23/09/2010;0,040096
24/09/2010;0,040096
27/09/2010;0,040096
28/09/2010;0,040060
29/09/2010;0,039988
30/09/2010;0,040024
01/10/2010;0,040132
04/10/2010;0,040132
05/10/2010;0,040132
06/10/2010;0,040132
07/10/2010;0,040132
08/10/2010;0,040132
11/10/2010;0,040132
13/10/2010;0,040132
14/10/2010;0,040096
15/10/2010;0,040132
18/10/2010;0,040132
19/10/2010;0,040132
20/10/2010;0,040132
21/10/2010;0,040132
22/10/2010;0,040132
25/10/2010;0,040132
26/10/2010;0,040132
27/10/2010;0,040132
28/10/2010;0,040132
29/10/2010;0,040132
01/11/2010;0,040132
03/11/2010;0,040132
04/11/2010;0,040132
05/11/2010;0,040132
08/11/2010;0,040132
09/11/2010;0,040132
10/11/2010;0,040096
11/11/2010;0,040096
12/11/2010;0,040132
16/11/2010;0,040132
17/11/2010;0,040132
18/11/2010;0,040132
19/11/2010;0,040132
22/11/2010;0,040132
23/11/2010;0,040132
24/11/2010;0,040132
25/11/2010;0,040132
26/11/2010;0,040132
29/11/2010;0,040132
30/11/2010;0,040132
01/12/2010;0,040132
02/12/2010;0,040132
03/12/2010;0,040132
06/12/2010;0,040132
07/12/2010;0,040132
08/12/2010;0,040132
09/12/2010;0,040132
10/12/2010;0,040168
13/12/2010;0,040132
14/12/2010;0,040132
15/12/2010;0,040132
16/12/2010;0,040132
17/12/2010;0,040132
20/12/2010;0,040132
21/12/2010;0,040132
22/12/2010;0,040132
23/12/2010;0,040132
24/12/2010;0,040132
27/12/2010;0,040132
28/12/2010;0,040132
29/12/2010;0,040132
30/12/2010;0,040132
31/12/2010;0,040132
03/01/2011;0,040132
04/01/2011;0,040132
05/01/2011;0,040132
06/01/2011;0,040132
07/01/2011;0,040132
10/01/2011;0,040132
11/01/2011;0,040132
12/01/2011;0,040132
13/01/2011;0,040132
14/01/2011;0,040132
17/01/2011;0,040132
18/01/2011;0,040132
19/01/2011;0,040132
20/01/2011;0,041922
21/01/2011;0,041922
24/01/2011;0,041922
25/01/2011;0,041922
26/01/2011;0,041922
27/01/2011;0,041922
28/01/2011;0,041922
31/01/2011;0,041922
01/02/2011;0,041922
02/02/2011;0,041922
03/02/2011;0,041922
04/02/2011;0,041922
07/02/2011;0,041922
08/02/2011;0,041922
09/02/2011;0,041922
10/02/2011;0,041957
11/02/2011;0,041922
14/02/2011;0,041957
15/02/2011;0,041957
16/02/2011;0,041957
17/02/2011;0,041957
18/02/2011;0,041993
21/02/2011;0,041993
22/02/2011;0,041993
23/02/2011;0,041993
24/02/2011;0,041993
25/02/2011;0,041993
28/02/2011;0,041957
01/03/2011;0,041993
02/03/2011;0,041993
03/03/2011;0,043704
04/03/2011;0,043704
09/03/2011;0,043704
10/03/2011;0,043704
11/03/2011;0,043704
14/03/2011;0,043704
15/03/2011;0,043739
16/03/2011;0,043739
17/03/2011;0,043704
18/03/2011;0,043739
21/03/2011;0,043704
22/03/2011;0,043704
23/03/2011;0,043739
24/03/2011;0,043739
25/03/2011;0,043739
28/03/2011;0,043775
29/03/2011;0,043775
30/03/2011;0,043775
31/03/2011;0,043775
01/04/2011;0,043810
04/04/2011;0,043775
05/04/2011;0,043739
06/04/2011;0,043704
07/04/2011;0,043739
08/04/2011;0,043704
11/04/2011;0,043704
12/04/2011;0,043668
13/04/2011;0,043739
14/04/2011;0,043775
15/04/2011;0,043775
18/04/2011;0,043881
19/04/2011;0,043775
20/04/2011;0,043704
25/04/2011;0,044556
26/04/2011;0,044592
27/04/2011;0,044592
28/04/2011;0,044592
29/04/2011;0,044663
02/05/2011;0,044627
03/05/2011;0,044627
04/05/2011;0,044627
05/05/2011;0,044627
06/05/2011;0,044627
09/05/2011;0,044592
10/05/2011;0,044592
11/05/2011;0,044556
12/05/2011;0,044521
13/05/2011;0,044521
16/05/2011;0,044485
17/05/2011;0,044556
18/05/2011;0,044556
19/05/2011;0,044556
20/05/2011;0,044627
23/05/2011;0,044627
24/05/2011;0,044592
25/05/2011;0,044592
26/05/2011;0,044556
27/05/2011;0,044592
30/05/2011;0,044556
31/05/2011;0,044450
01/06/2011;0,044663
02/06/2011;0,044592
03/06/2011;0,044592
06/06/2011;0,044663
07/06/2011;0,044592
08/06/2011;0,044556
09/06/2011;0,045230
10/06/2011;0,045301
13/06/2011;0,045230
14/06/2011;0,045194
15/06/2011;0,045442
16/06/2011;0,045442
17/06/2011;0,045442
20/06/2011;0,045407
21/06/2011;0,045478
22/06/2011;0,045442
24/06/2011;0,045407
27/06/2011;0,045407
28/06/2011;0,045372
29/06/2011;0,045407
30/06/2011;0,045513
01/07/2011;0,045513
04/07/2011;0,045513
05/07/2011;0,045549
06/07/2011;0,045513
07/07/2011;0,045513
08/07/2011;0,045513
11/07/2011;0,045513
12/07/2011;0,045513
13/07/2011;0,045549
14/07/2011;0,045549
15/07/2011;0,045549
18/07/2011;0,045549
19/07/2011;0,045513
20/07/2011;0,045513
21/07/2011;0,046397
22/07/2011;0,046397
25/07/2011;0,046432
26/07/2011;0,046397
27/07/2011;0,046397
28/07/2011;0,046397
29/07/2011;0,046397
01/08/2011;0,046432
02/08/2011;0,046397
03/08/2011;0,046397
04/08/2011;0,046397
05/08/2011;0,046397
08/08/2011;0,046397
09/08/2011;0,046397
10/08/2011;0,046397
11/08/2011;0,046397
12/08/2011;0,046397
15/08/2011;0,046397
16/08/2011;0,046397
17/08/2011;0,046397
18/08/2011;0,046362
19/08/2011;0,046397
22/08/2011;0,046362
23/08/2011;0,046397
24/08/2011;0,046397
25/08/2011;0,046362
26/08/2011;0,046362
29/08/2011;0,046362
30/08/2011;0,046362
31/08/2011;0,046362
01/09/2011;0,044556
02/09/2011;0,044556
05/09/2011;0,044556
06/09/2011;0,044556
08/09/2011;0,044556
09/09/2011;0,044556
12/09/2011;0,044556
13/09/2011;0,044556
14/09/2011;0,044556
15/09/2011;0,044556
16/09/2011;0,044556
19/09/2011;0,044521
20/09/2011;0,044521
21/09/2011;0,044556
22/09/2011;0,044556
23/09/2011;0,044556
26/09/2011;0,044556
27/09/2011;0,044556
28/09/2011;0,044556
29/09/2011;0,044556
30/09/2011;0,044556
03/10/2011;0,044592
04/10/2011;0,044556
05/10/2011;0,044556
06/10/2011;0,044556
07/10/2011;0,044556
10/10/2011;0,044556
11/10/2011;0,044556
13/10/2011;0,044521
14/10/2011;0,044521
17/10/2011;0,044521
18/10/2011;0,044521
19/10/2011;0,044556
20/10/2011;0,042814
21/10/2011;0,042814
24/10/2011;0,042814
25/10/2011;0,042814
26/10/2011;0,042814
27/10/2011;0,042814
28/10/2011;0,042814
31/10/2011;0,042814
01/11/2011;0,042814
03/11/2011;0,042849
04/11/2011;0,042814
07/11/2011;0,042921
08/11/2011;0,042814
09/11/2011;0,042778
10/11/2011;0,042742
11/11/2011;0,042742
14/11/2011;0,042671
16/11/2011;0,042707
17/11/2011;0,042707
18/11/2011;0,042742
21/11/2011;0,042778
22/11/2011;0,042778
23/11/2011;0,042778
24/11/2011;0,042778
25/11/2011;0,042707
28/11/2011;0,042671
29/11/2011;0,042635
30/11/2011;0,042707
01/12/2011;0,040956
02/12/2011;0,040992
05/12/2011;0,041028
06/12/2011;0,040992
07/12/2011;0,040956
08/12/2011;0,040884
09/12/2011;0,040813
12/12/2011;0,040777
13/12/2011;0,040813
14/12/2011;0,040920
15/12/2011;0,040956
16/12/2011;0,040992
19/12/2011;0,041028
20/12/2011;0,041063
21/12/2011;0,041028
22/12/2011;0,040992
23/12/2011;0,040992
26/12/2011;0,040884
27/12/2011;0,040920
28/12/2011;0,040884
29/12/2011;0,040956
30/12/2011;0,040956
02/01/2012;0,041028
03/01/2012;0,040992
04/01/2012;0,040992
05/01/2012;0,040884
06/01/2012;0,040920
09/01/2012;0,040777
10/01/2012;0,040813
11/01/2012;0,040777
12/01/2012;0,040741
13/01/2012;0,040777
16/01/2012;0,040777
17/01/2012;0,040741
18/01/2012;0,040705
19/01/2012;0,038946
20/01/2012;0,038982
23/01/2012;0,038982
24/01/2012;0,039018
25/01/2012;0,039018
26/01/2012;0,038946
27/01/2012;0,038910
30/01/2012;0,038910
31/01/2012;0,038946
01/02/2012;0,038910
02/02/2012;0,038910
03/02/2012;0,038982
06/02/2012;0,038910
07/02/2012;0,038910
08/02/2012;0,038874
09/02/2012;0,038910
10/02/2012;0,038910
13/02/2012;0,038838
14/02/2012;0,038874
15/02/2012;0,038874
16/02/2012;0,038838
17/02/2012;0,038982
22/02/2012;0,038874
23/02/2012;0,038874
24/02/2012;0,038946
27/02/2012;0,038946
28/02/2012;0,038838
29/02/2012;0,038802
01/03/2012;0,038802
02/03/2012;0,038766
05/03/2012;0,038766
06/03/2012;0,038730
07/03/2012;0,038622
08/03/2012;0,036129
09/03/2012;0,036056
12/03/2012;0,035948
13/03/2012;0,035875
14/03/2012;0,035839
15/03/2012;0,035839
16/03/2012;0,035984
19/03/2012;0,035948
20/03/2012;0,035948
21/03/2012;0,035948
22/03/2012;0,035948
23/03/2012;0,036093
26/03/2012;0,035984
27/03/2012;0,035984
28/03/2012;0,035948
29/03/2012;0,035948
30/03/2012;0,036093
02/04/2012;0,036020
03/04/2012;0,036020
04/04/2012;0,036129
05/04/2012;0,036093
09/04/2012;0,036020
10/04/2012;0,036093
11/04/2012;0,035984
12/04/2012;0,035948
13/04/2012;0,035948
16/04/2012;0,035911
17/04/2012;0,035875
18/04/2012;0,035911
19/04/2012;0,033182
20/04/2012;0,033219
23/04/2012;0,033365
24/04/2012;0,033182
25/04/2012;0,033182
26/04/2012;0,033182
27/04/2012;0,033219
30/04/2012;0,033109
02/05/2012;0,033328
03/05/2012;0,033328
04/05/2012;0,033146
07/05/2012;0,033146
08/05/2012;0,033073
09/05/2012;0,033073
10/05/2012;0,033036
11/05/2012;0,033036
14/05/2012;0,032854
15/05/2012;0,033182
16/05/2012;0,033219
17/05/2012;0,033255
18/05/2012;0,033328
21/05/2012;0,033219
22/05/2012;0,033365
23/05/2012;0,033401
24/05/2012;0,033401
25/05/2012;0,033438
28/05/2012;0,033401
29/05/2012;0,033438
30/05/2012;0,033511
31/05/2012;0,031756
01/06/2012;0,031792
04/06/2012;0,031829
05/06/2012;0,031866
06/06/2012;0,031719
08/06/2012;0,031866
11/06/2012;0,031719
12/06/2012;0,031792
13/06/2012;0,031829
14/06/2012;0,031792
15/06/2012;0,031719
18/06/2012;0,031829
19/06/2012;0,031719
20/06/2012;0,031902
21/06/2012;0,031939
22/06/2012;0,031866
25/06/2012;0,031939
26/06/2012;0,031829
27/06/2012;0,031902
28/06/2012;0,031866
29/06/2012;0,031939
02/07/2012;0,031866
03/07/2012;0,031866
04/07/2012;0,031902
05/07/2012;0,031866
06/07/2012;0,031792
09/07/2012;0,031866
10/07/2012;0,031719
11/07/2012;0,031646
12/07/2012;0,029993
13/07/2012;0,029919
16/07/2012;0,029993
17/07/2012;0,029883
18/07/2012;0,029809
19/07/2012;0,029919
20/07/2012;0,029956
23/07/2012;0,029956
24/07/2012;0,029883
25/07/2012;0,029956
26/07/2012;0,029846
27/07/2012;0,029772
30/07/2012;0,029919
31/07/2012;0,029919
01/08/2012;0,029919
02/08/2012;0,029883
03/08/2012;0,029919
06/08/2012;0,029883
07/08/2012;0,029883
08/08/2012;0,029883
09/08/2012;0,029883
10/08/2012;0,029883
13/08/2012;0,029809
14/08/2012;0,029919
15/08/2012;0,029919
16/08/2012;0,029883
17/08/2012;0,029956
20/08/2012;0,029993
21/08/2012;0,029883
22/08/2012;0,029846
23/08/2012;0,029846
24/08/2012;0,029883
27/08/2012;0,029919
28/08/2012;0,029919
29/08/2012;0,029883
30/08/2012;0,028259
31/08/2012;0,028259
03/09/2012;0,028370
04/09/2012;0,028296
05/09/2012;0,028296
06/09/2012;0,028296
10/09/2012;0,028259
11/09/2012;0,028222
12/09/2012;0,028186
13/09/2012;0,028186
14/09/2012;0,028149
17/09/2012;0,028112
18/09/2012;0,028075
19/09/2012;0,028075
20/09/2012;0,028149
21/09/2012;0,028149
24/09/2012;0,028149
25/09/2012;0,028259
26/09/2012;0,028222
27/09/2012;0,028186
28/09/2012;0,028186
01/10/2012;0,028186
02/10/2012;0,028149
03/10/2012;0,028186
04/10/2012;0,028186
05/10/2012;0,028186
08/10/2012;0,028186
09/10/2012;0,028149
10/10/2012;0,028075
11/10/2012;0,027001
15/10/2012;0,027001
16/10/2012;0,027038
17/10/2012;0,027075
18/10/2012;0,027149
19/10/2012;0,027149
22/10/2012;0,027297
23/10/2012;0,027297
24/10/2012;0,027334
25/10/2012;0,027260
26/10/2012;0,027186
29/10/2012;0,027149
30/10/2012;0,027112
31/10/2012;0,027186
01/11/2012;0,027260
05/11/2012;0,027297
06/11/2012;0,027297
07/11/2012;0,027334
08/11/2012;0,027186
09/11/2012;0,027186
12/11/2012;0,027112
13/11/2012;0,027075
14/11/2012;0,027075
16/11/2012;0,027038
19/11/2012;0,026964
20/11/2012;0,026889
21/11/2012;0,026815
22/11/2012;0,027186
23/11/2012;0,027297
26/11/2012;0,027334
27/11/2012;0,027297
28/11/2012;0,027260
29/11/2012;0,027112
30/11/2012;0,027075
03/12/2012;0,027112
04/12/2012;0,027112
05/12/2012;0,027075
06/12/2012;0,027038
07/12/2012;0,027001
10/12/2012;0,026889
11/12/2012;0,026741
12/12/2012;0,026741
13/12/2012;0,026667
14/12/2012;0,026481
17/12/2012;0,026444
18/12/2012;0,026370
19/12/2012;0,026258
20/12/2012;0,026295
21/12/2012;0,026370
24/12/2012;0,026370
26/12/2012;0,026481
27/12/2012;0,026481
28/12/2012;0,026481
31/12/2012;0,026481
02/01/2013;0,026555
03/01/2013;0,026555
04/01/2013;0,026593
07/01/2013;0,026555
08/01/2013;0,026518
09/01/2013;0,026481
10/01/2013;0,026518
11/01/2013;0,026555
14/01/2013;0,026593
15/01/2013;0,026630
16/01/2013;0,026630
17/01/2013;0,026630
18/01/2013;0,026555
21/01/2013;0,026593
22/01/2013;0,026593
23/01/2013;0,026593
24/01/2013;0,026593
25/01/2013;0,026630
28/01/2013;0,026630
29/01/2013;0,026667
30/01/2013;0,026667
31/01/2013;0,026667
01/02/2013;0,026667
04/02/2013;0,026704
05/02/2013;0,026704
06/02/2013;0,026704
07/02/2013;0,026667
08/02/2013;0,026667
13/02/2013;0,026667
14/02/2013;0,026630
15/02/2013;0,026630
18/02/2013;0,026630
19/02/2013;0,026593
20/02/2013;0,026667
21/02/2013;0,026667
22/02/2013;0,026704
25/02/2013;0,026852
26/02/2013;0,026778
27/02/2013;0,026778
28/02/2013;0,026778
01/03/2013;0,026778
04/03/2013;0,026815
05/03/2013;0,026815
06/03/2013;0,026815
07/03/2013;0,026815
08/03/2013;0,026815
11/03/2013;0,026815
12/03/2013;0,026815
13/03/2013;0,026815
14/03/2013;0,026815
15/03/2013;0,026815
18/03/2013;0,026815
19/03/2013;0,026815
20/03/2013;0,026815
21/03/2013;0,026815
22/03/2013;0,026815
25/03/2013;0,026815
26/03/2013;0,026815
27/03/2013;0,026815
28/03/2013;0,026889
01/04/2013;0,026926
02/04/2013;0,026926
03/04/2013;0,026889
04/04/2013;0,026889
05/04/2013;0,026889
08/04/2013;0,026889
09/04/2013;0,026889
10/04/2013;0,026889
11/04/2013;0,026889
12/04/2013;0,026889
15/04/2013;0,026889
16/04/2013;0,026852
17/04/2013;0,026852
18/04/2013;0,027742
19/04/2013;0,027742
22/04/2013;0,027742
23/04/2013;0,027742
24/04/2013;0,027742
25/04/2013;0,027742
26/04/2013;0,027705
29/04/2013;0,027705
30/04/2013;0,027705
02/05/2013;0,027705
03/05/2013;0,027705
06/05/2013;0,027742
07/05/2013;0,027742
08/05/2013;0,027705
09/05/2013;0,027742
10/05/2013;0,027705
13/05/2013;0,027668
14/05/2013;0,027668
15/05/2013;0,027668
16/05/2013;0,027668
17/05/2013;0,027668
20/05/2013;0,027668
21/05/2013;0,027668
22/05/2013;0,027668
23/05/2013;0,027668
24/05/2013;0,027668
27/05/2013;0,027668
28/05/2013;0,027668
29/05/2013;0,027668
31/05/2013;0,029514
03/06/2013;0,029514
04/06/2013;0,029514
05/06/2013;0,029514
06/06/2013;0,029514
07/06/2013;0,029514
10/06/2013;0,029514
11/06/2013;0,029514
12/06/2013;0,029514
13/06/2013;0,029514
14/06/2013;0,029514
17/06/2013;0,029514
18/06/2013;0,029514
19/06/2013;0,029514
20/06/2013;0,029514
21/06/2013;0,029514
24/06/2013;0,029514
25/06/2013;0,029514
26/06/2013;0,029514
27/06/2013;0,029514
28/06/2013;0,029514
01/07/2013;0,029514
02/07/2013;0,029514
03/07/2013;0,029514
04/07/2013;0,029514
05/07/2013;0,029514
08/07/2013;0,029514
09/07/2013;0,029514
10/07/2013;0,029514
11/07/2013;0,031353
12/07/2013;0,031353
15/07/2013;0,031353
16/07/2013;0,031353
17/07/2013;0,031353
18/07/2013;0,031353
19/07/2013;0,031353
22/07/2013;0,031353
23/07/2013;0,031353
24/07/2013;0,031353
25/07/2013;0,031353
26/07/2013;0,031353
29/07/2013;0,031353
30/07/2013;0,031353
31/07/2013;0,031353
01/08/2013;0,031389
02/08/2013;0,031389
05/08/2013;0,031353
06/08/2013;0,031353
07/08/2013;0,031353
08/08/2013;0,031353
09/08/2013;0,031353
12/08/2013;0,031353
13/08/2013;0,031353
14/08/2013;0,031353
15/08/2013;0,031353
16/08/2013;0,031353
19/08/2013;0,031353
20/08/2013;0,031353
21/08/2013;0,031353
22/08/2013;0,031353
23/08/2013;0,031353
26/08/2013;0,031353
27/08/2013;0,031353
28/08/2013;0,031353
29/08/2013;0,033182
30/08/2013;0,033182
02/09/2013;0,033182
03/09/2013;0,033182
04/09/2013;0,033182
05/09/2013;0,033182
06/09/2013;0,033182
09/09/2013;0,033182
10/09/2013;0,033182
11/09/2013;0,033182
12/09/2013;0,033182
13/09/2013;0,033182
16/09/2013;0,033182
17/09/2013;0,033182
18/09/2013;0,033182
19/09/2013;0,033146
20/09/2013;0,033109
23/09/2013;0,033109
24/09/2013;0,033109
25/09/2013;0,033511
26/09/2013;0,033182
27/09/2013;0,033146
30/09/2013;0,033146
01/10/2013;0,033146
02/10/2013;0,033109
03/10/2013;0,033109
04/10/2013;0,033584
07/10/2013;0,033511
08/10/2013;0,033511
09/10/2013;0,033657
10/10/2013;0,035512
11/10/2013;0,035367
14/10/2013;0,035476
15/10/2013;0,035476
16/10/2013;0,035476
17/10/2013;0,035476
18/10/2013;0,035367
21/10/2013;0,035476
22/10/2013;0,035476
23/10/2013;0,035367
24/10/2013;0,035367
25/10/2013;0,035367
28/10/2013;0,035367
29/10/2013;0,035367
30/10/2013;0,035367
31/10/2013;0,035367
01/11/2013;0,035367
04/11/2013;0,035222
05/11/2013;0,035222
06/11/2013;0,035222
07/11/2013;0,035222
08/11/2013;0,035222
11/11/2013;0,035222
12/11/2013;0,035222
13/11/2013;0,035222
14/11/2013;0,035222
18/11/2013;0,035222
19/11/2013;0,035222
20/11/2013;0,035222
21/11/2013;0,035222
22/11/2013;0,035222
25/11/2013;0,035222
26/11/2013;0,035222
27/11/2013;0,035222
28/11/2013;0,036998
29/11/2013;0,036998
02/12/2013;0,036998
03/12/2013;0,036998
04/12/2013;0,036998
05/12/2013;0,036998
06/12/2013;0,036962
09/12/2013;0,037287
10/12/2013;0,036998
11/12/2013;0,036998
12/12/2013;0,036998
13/12/2013;0,036998
16/12/2013;0,037287
17/12/2013;0,036998
18/12/2013;0,036998
19/12/2013;0,036998
20/12/2013;0,036998
23/12/2013;0,036998
24/12/2013;0,036998
26/12/2013;0,036998
27/12/2013;0,036998
30/12/2013;0,036998
31/12/2013;0,036998
02/01/2014;0,036998
03/01/2014;0,036998
06/01/2014;0,036998
07/01/2014;0,036998
08/01/2014;0,036998
09/01/2014;0,036998
10/01/2014;0,036998
13/01/2014;0,036998
14/01/2014;0,036998
15/01/2014;0,036998
16/01/2014;0,038802
17/01/2014;0,039054
20/01/2014;0,039090
21/01/2014;0,039090
22/01/2014;0,038802
23/01/2014;0,038802
24/01/2014;0,038802
27/01/2014;0,038802
28/01/2014;0,038802
29/01/2014;0,038802
30/01/2014;0,038802
31/01/2014;0,038802
03/02/2014;0,038802
04/02/2014;0,038874
05/02/2014;0,038874
06/02/2014;0,038874
07/02/2014;0,038874
10/02/2014;0,038874
11/02/2014;0,038874
12/02/2014;0,038874
13/02/2014;0,038874
14/02/2014;0,038874
17/02/2014;0,038874
18/02/2014;0,038874
19/02/2014;0,038874
20/02/2014;0,038874
21/02/2014;0,038874
24/02/2014;0,038874
25/02/2014;0,038874
26/02/2014;0,039090
27/02/2014;0,039952
28/02/2014;0,039952
05/03/2014;0,039809
06/03/2014;0,039809
07/03/2014;0,039809
10/03/2014;0,039809
11/03/2014;0,039809
12/03/2014;0,039809
13/03/2014;0,039809
14/03/2014;0,039809
17/03/2014;0,039809
18/03/2014;0,039809
19/03/2014;0,039952
20/03/2014;0,039952
21/03/2014;0,039952
24/03/2014;0,039952
25/03/2014;0,039952
26/03/2014;0,039952
27/03/2014;0,039809
28/03/2014;0,039809
31/03/2014;0,039809
01/04/2014;0,039809
02/04/2014;0,039809
03/04/2014;0,040705
04/04/2014;0,040705
07/04/2014;0,040705
08/04/2014;0,040705
09/04/2014;0,040705
10/04/2014;0,040705
11/04/2014;0,040705
14/04/2014;0,040705
15/04/2014;0,040705
16/04/2014;0,040705
17/04/2014;0,040705
22/04/2014;0,040705
23/04/2014;0,040705
24/04/2014;0,040705
25/04/2014;0,040705
28/04/2014;0,040705
29/04/2014;0,040705
30/04/2014;0,040705
02/05/2014;0,040705
05/05/2014;0,040705
06/05/2014;0,040705
07/05/2014;0,040705
08/05/2014;0,040705
09/05/2014;0,040705
12/05/2014;0,040705
13/05/2014;0,040705
14/05/2014;0,040705
15/05/2014;0,040705
16/05/2014;0,040705
19/05/2014;0,040705
20/05/2014;0,040705
21/05/2014;0,040705
22/05/2014;0,040705
23/05/2014;0,040705
26/05/2014;0,040705
27/05/2014;0,040705
28/05/2014;0,040705
29/05/2014;0,040705
30/05/2014;0,040705
02/06/2014;0,040705
03/06/2014;0,040705
04/06/2014;0,040705
05/06/2014;0,040705
06/06/2014;0,040705
09/06/2014;0,040849
10/06/2014;0,040705
11/06/2014;0,040705
12/06/2014;0,040705
13/06/2014;0,040705
16/06/2014;0,040705
17/06/2014;0,040705
18/06/2014;0,040705
20/06/2014;0,040705
23/06/2014;0,040705
24/06/2014;0,040705
25/06/2014;0,040705
26/06/2014;0,040705
27/06/2014;0,040705
30/06/2014;0,040705
01/07/2014;0,040705
02/07/2014;0,040705
03/07/2014;0,040705
04/07/2014;0,040705
07/07/2014;0,040705
08/07/2014;0,040705
09/07/2014;0,040705
10/07/2014;0,040705
11/07/2014;0,040705
14/07/2014;0,040705
15/07/2014;0,040705
16/07/2014;0,040705
17/07/2014;0,040705
18/07/2014;0,040705
21/07/2014;0,040705
22/07/2014;0,040705
23/07/2014;0,040705
24/07/2014;0,040705
25/07/2014;0,040705
28/07/2014;0,040705
29/07/2014;0,040705
30/07/2014;0,040705
31/07/2014;0,040705
01/08/2014;0,040705
04/08/2014;0,040741
05/08/2014;0,040741
06/08/2014;0,040741
07/08/2014;0,040741
08/08/2014;0,040741
11/08/2014;0,040741
12/08/2014;0,040741
13/08/2014;0,040741
14/08/2014;0,040741
15/08/2014;0,040777
18/08/2014;0,040741
19/08/2014;0,040741
20/08/2014;0,040849
21/08/2014;0,040777
22/08/2014;0,040741
25/08/2014;0,040849
26/08/2014;0,040849
27/08/2014;0,040741
28/08/2014;0,040849
29/08/2014;0,040741
01/09/2014;0,040741
02/09/2014;0,040741
03/09/2014;0,040741
04/09/2014;0,040741
05/09/2014;0,040741
08/09/2014;0,040741
09/09/2014;0,040741
10/09/2014;0,040849
11/09/2014;0,040741
12/09/2014;0,040741
15/09/2014;0,040741
16/09/2014;0,040741
17/09/2014;0,040741
18/09/2014;0,040741
19/09/2014;0,040741
22/09/2014;0,040741
23/09/2014;0,040849
24/09/2014;0,040849
25/09/2014;0,040849
26/09/2014;0,040741
29/09/2014;0,040741
30/09/2014;0,040741
01/10/2014;0,040741
02/10/2014;0,040741
03/10/2014;0,040741
06/10/2014;0,040741
07/10/2014;0,040849
08/10/2014;0,040849
09/10/2014;0,040849
10/10/2014;0,040849
13/10/2014;0,040741
14/10/2014;0,040849
15/10/2014;0,040741
16/10/2014;0,040849
17/10/2014;0,040849
20/10/2014;0,040849
21/10/2014;0,040849
22/10/2014;0,040849
23/10/2014;0,040849
24/10/2014;0,040849
27/10/2014;0,040849
28/10/2014;0,040849
29/10/2014;0,040849
30/10/2014;0,041743
31/10/2014;0,041636
03/11/2014;0,041636
04/11/2014;0,041636
05/11/2014;0,041743
06/11/2014;0,041743
07/11/2014;0,041743
10/11/2014;0,041743
11/11/2014;0,041743
12/11/2014;0,041743
13/11/2014;0,041743
14/11/2014;0,041743
17/11/2014;0,041743
18/11/2014;0,041743
19/11/2014;0,041743
20/11/2014;0,041743
21/11/2014;0,041743
24/11/2014;0,041743
25/11/2014;0,041743
26/11/2014;0,041743
27/11/2014;0,041743
28/11/2014;0,041636
01/12/2014;0,041636
02/12/2014;0,041636
03/12/2014;0,041743
04/12/2014;0,043526
05/12/2014;0,043526
08/12/2014;0,043526
09/12/2014;0,043455
10/12/2014;0,043455
11/12/2014;0,043526
12/12/2014;0,043526
15/12/2014;0,043526
16/12/2014;0,043526
17/12/2014;0,043526
18/12/2014;0,043526
19/12/2014;0,043526
22/12/2014;0,043526
23/12/2014;0,043455
24/12/2014;0,043455
26/12/2014;0,043455
29/12/2014;0,043526
30/12/2014;0,043455
31/12/2014;0,043455
02/01/2015;0,043455
05/01/2015;0,043455
06/01/2015;0,043455
07/01/2015;0,043455
08/01/2015;0,043455
09/01/2015;0,043455
12/01/2015;0,043455
13/01/2015;0,043455
14/01/2015;0,043455
15/01/2015;0,043455
16/01/2015;0,043455
19/01/2015;0,043455
20/01/2015;0,043455
21/01/2015;0,043455
22/01/2015;0,045301
23/01/2015;0,045265
26/01/2015;0,045265
27/01/2015;0,045265
28/01/2015;0,045265
29/01/2015;0,045265
30/01/2015;0,045265
02/02/2015;0,045265
03/02/2015;0,045301
04/02/2015;0,045301
05/02/2015;0,045301
06/02/2015;0,045301
09/02/2015;0,045301
10/02/2015;0,045301
11/02/2015;0,045301
12/02/2015;0,045301
13/02/2015;0,045301
18/02/2015;0,045301
19/02/2015;0,045301
20/02/2015;0,045301
23/02/2015;0,045301
24/02/2015;0,045301
25/02/2015;0,045301
26/02/2015;0,045301
27/02/2015;0,045301
02/03/2015;0,045301
03/03/2015;0,045301
04/03/2015;0,045301
05/03/2015;0,047103
06/03/2015;0,047103
09/03/2015;0,047103
10/03/2015;0,047103
11/03/2015;0,047103
12/03/2015;0,047103
13/03/2015;0,047103
16/03/2015;0,047103
17/03/2015;0,047103
18/03/2015;0,047103
19/03/2015;0,047103
20/03/2015;0,047103
23/03/2015;0,047138
24/03/2015;0,047138
25/03/2015;0,047138
26/03/2015;0,047138
27/03/2015;0,047138
30/03/2015;0,047103
31/03/2015;0,047103
01/04/2015;0,047103
02/04/2015;0,047103
06/04/2015;0,047103
07/04/2015;0,047103
08/04/2015;0,047103
09/04/2015;0,047103
10/04/2015;0,047103
13/04/2015;0,047103
14/04/2015;0,047103
15/04/2015;0,047103
16/04/2015;0,047103
17/04/2015;0,047103
20/04/2015;0,047103
22/04/2015;0,047103
23/04/2015;0,047103
24/04/2015;0,047103
27/04/2015;0,047138
28/04/2015;0,047173
29/04/2015;0,047173
30/04/2015;0,048897
04/05/2015;0,048897
05/05/2015;0,048967
06/05/2015;0,048967
07/05/2015;0,048967
08/05/2015;0,048967
11/05/2015;0,048967
12/05/2015;0,048967
13/05/2015;0,048967
14/05/2015;0,048967
15/05/2015;0,048967
18/05/2015;0,048967
19/05/2015;0,048967
20/05/2015;0,048967
21/05/2015;0,048967
22/05/2015;0,048967
25/05/2015;0,048967
26/05/2015;0,048967
27/05/2015;0,048967
28/05/2015;0,048967
29/05/2015;0,048967
01/06/2015;0,048967
02/06/2015;0,048967
03/06/2015;0,048967
05/06/2015;0,050753
08/06/2015;0,050753
09/06/2015;0,050753
10/06/2015;0,050753
11/06/2015;0,050753
12/06/2015;0,050753
15/06/2015;0,050753
16/06/2015;0,050753
17/06/2015;0,050753
18/06/2015;0,050753
19/06/2015;0,050753
22/06/2015;0,050753
23/06/2015;0,050753
24/06/2015;0,050753
25/06/2015;0,050753
26/06/2015;0,050753
29/06/2015;0,050753
30/06/2015;0,050753
01/07/2015;0,050753
02/07/2015;0,050753
03/07/2015;0,050753
06/07/2015;0,050753
07/07/2015;0,050753
08/07/2015;0,050753
09/07/2015;0,050753
10/07/2015;0,050753
13/07/2015;0,050753
14/07/2015;0,050753
15/07/2015;0,050753
16/07/2015;0,050753
17/07/2015;0,050753
20/07/2015;0,050753
21/07/2015;0,050753
22/07/2015;0,050753
23/07/2015;0,050753
24/07/2015;0,050753
27/07/2015;0,050753
28/07/2015;0,050753
29/07/2015;0,050753
30/07/2015;0,052461
31/07/2015;0,052461
03/08/2015;0,052461
04/08/2015;0,052461
05/08/2015;0,052461
06/08/2015;0,052461
07/08/2015;0,052461
10/08/2015;0,052461
11/08/2015;0,052461
12/08/2015;0,052461
13/08/2015;0,052461
14/08/2015;0,052461
17/08/2015;0,052461
18/08/2015;0,052461
19/08/2015;0,052461
20/08/2015;0,052461
21/08/2015;0,052461
24/08/2015;0,052461
25/08/2015;0,052461
26/08/2015;0,052461
27/08/2015;0,052461
28/08/2015;0,052461
31/08/2015;0,052461
01/09/2015;0,052461
02/09/2015;0,052461
03/09/2015;0,052461
04/09/2015;0,052461
08/09/2015;0,052461
09/09/2015;0,052461
10/09/2015;0,052461
11/09/2015;0,052461
14/09/2015;0,052461
15/09/2015;0,052461
16/09/2015;0,052461
17/09/2015;0,052461
18/09/2015;0,052461
21/09/2015;0,052461
22/09/2015;0,052461
23/09/2015;0,052461
24/09/2015;0,052461
25/09/2015;0,052461
28/09/2015;0,052461
29/09/2015;0,052461
30/09/2015;0,052461
01/10/2015;0,052461
02/10/2015;0,052461
05/10/2015;0,052461
06/10/2015;0,052461
07/10/2015;0,052461
08/10/2015;0,052461
09/10/2015;0,052461
13/10/2015;0,052461
14/10/2015;0,052461
15/10/2015;0,052461
16/10/2015;0,052461
19/10/2015;0,052461
20/10/2015;0,052461
21/10/2015;0,052461
22/10/2015;0,052496
23/10/2015;0,052496
26/10/2015;0,052496
27/10/2015;0,052496
28/10/2015;0,052496
29/10/2015;0,052496
30/10/2015;0,052496
03/11/2015;0,052496
04/11/2015;0,052496
05/11/2015;0,052496
06/11/2015;0,052496
09/11/2015;0,052496
10/11/2015;0,052496
11/11/2015;0,052496
12/11/2015;0,052496
13/11/2015;0,052496
16/11/2015;0,052496
17/11/2015;0,052496
18/11/2015;0,052496
19/11/2015;0,052496
20/11/2015;0,052496
23/11/2015;0,052496
24/11/2015;0,052496
25/11/2015;0,052496
26/11/2015;0,052496
27/11/2015;0,052496
30/11/2015;0,052496
01/12/2015;0,052496
02/12/2015;0,052496
03/12/2015;0,052496
04/12/2015;0,052496
07/12/2015;0,052496
08/12/2015;0,052496
09/12/2015;0,052496
10/12/2015;0,052496
11/12/2015;0,052496
14/12/2015;0,052496
15/12/2015;0,052496
16/12/2015;0,052496
17/12/2015;0,052496
18/12/2015;0,052496
21/12/2015;0,052496
22/12/2015;0,052496
23/12/2015;0,052496
24/12/2015;0,052496
28/12/2015;0,052496
29/12/2015;0,052496
30/12/2015;0,052496
31/12/2015;0,052496
Fonte;Cetip
