DT_COMPTC,n_acoes,n_efetivo,peso_top10,periodo
2005-01-31,29,17.59220829071616,0.6624232203397098,antes
2005-02-28,31,18.06843097526967,0.652127058746521,antes
2005-03-31,28,14.75656072459118,0.7390975522552187,antes
2005-04-30,29,17.009095236129106,0.6919301869472676,antes
2005-05-31,30,18.266354550450124,0.6451000396736213,antes
2005-06-30,30,15.067535964132414,0.6949234274909809,antes
2005-07-31,34,16.582728758757106,0.6466701923450083,antes
2005-08-31,38,19.411459741410983,0.6141700794469799,antes
2005-09-30,36,20.895579164150806,0.6046440357766307,antes
2005-10-31,39,22.008609322570525,0.5818411811001694,antes
2005-11-30,34,20.255073993097664,0.6025325491861119,antes
2005-12-31,37,20.681515164728093,0.5953674083768812,antes
2006-01-31,39,17.20481300891514,0.6629605624369693,antes
2006-02-28,42,22.276356527096496,0.566223507446573,antes
2006-03-31,40,18.500938427952498,0.6069959935962959,antes
2006-04-30,41,20.05172229718,0.5809507317048604,antes
2006-05-31,39,19.807061757467615,0.6164050247104836,antes
2006-06-30,41,20.28175626589441,0.597150258797138,antes
2006-07-31,40,20.965779169294933,0.5891025822815769,antes
2006-08-31,39,21.15569392933852,0.6038850005350155,antes
2006-09-30,38,19.737732948606727,0.6389233455534173,antes
2006-10-31,40,20.387290560038057,0.6251435065838423,antes
2006-11-30,41,22.58386008171665,0.5858970165345104,antes
2006-12-31,43,24.814478416206704,0.5416034735699852,antes
2007-01-31,48,25.885777594544663,0.5226454124506925,antes
2007-02-28,47,27.936666673786714,0.4834608509454901,antes
2007-03-31,47,26.974840358980632,0.4902601869689829,antes
2007-04-30,50,28.126409243218827,0.4862042297421909,antes
2007-05-31,49,27.099929491965344,0.5018543573871059,antes
2007-06-30,49,25.67536033633412,0.539515356350066,antes
2007-07-31,49,25.8015659961781,0.5261311416759237,antes
2007-08-31,47,24.78303395034621,0.525631138589712,antes
2007-09-30,51,27.057122880226803,0.5104675919579788,antes
2007-10-31,48,26.567905844595504,0.5147035068100712,antes
2007-11-30,47,28.171938066840262,0.4881000988558431,antes
2007-12-31,40,26.751294449448608,0.49629953863297893,antes
2008-01-31,40,24.81140269360182,0.5297550312969916,antes
2008-02-29,35,28.85536749132072,0.4556229431749015,antes
2008-03-31,38,27.303238439791954,0.46949374835000396,antes
2008-04-30,40,28.95458359800943,0.4608368266461682,antes
2008-05-31,39,27.776416812362644,0.47046224327233116,antes
2008-06-30,38,25.7137295362237,0.49962963143082306,antes
2008-07-31,41,28.076385129875952,0.4697017059479518,antes
2008-08-31,24,20.64733787426649,0.5793833816679816,gestao
2008-09-30,25,19.870268038906953,0.5994597208544126,gestao
2008-10-31,27,22.490328925063153,0.539493177413119,gestao
2008-11-30,28,22.838727832994934,0.5266218517977618,gestao
2008-12-31,28,22.097826460505445,0.5533081080721263,gestao
2009-01-31,35,25.37604911256847,0.5029029778269095,gestao
2009-02-28,34,28.715147068242,0.45819557851286397,gestao
2009-03-31,35,29.711398384318024,0.4493932965846793,gestao
2009-04-30,38,31.25477380926686,0.44186661830922436,gestao
2009-05-31,37,30.66027395997635,0.4342013303970084,gestao
2009-06-30,34,30.255529676635096,0.4248800833835555,gestao
2009-07-31,39,30.8509700149929,0.4358497457911058,gestao
2009-08-31,43,34.32161403839215,0.3920408938300377,gestao
2009-09-30,37,28.761600488136104,0.4582912684598087,gestao
2009-10-31,37,29.69421481370248,0.44256647544984956,gestao
2009-11-30,38,29.09110706516714,0.4539940702816396,gestao
2009-12-31,42,33.92455797504557,0.3860153334674996,gestao
2010-01-31,42,36.2425978312776,0.37024882369311396,gestao
2010-02-28,41,35.09156133944335,0.38344004207385174,gestao
2010-03-31,41,34.42340395510057,0.39181987584563027,gestao
2010-04-30,39,31.795179017694036,0.42008513255746294,gestao
2010-05-31,37,27.29405361569414,0.4648969408189057,gestao
2010-06-30,38,29.461193743441854,0.44983126143942737,gestao
2010-07-31,38,28.82108599586449,0.4549279979681977,depois
2010-08-31,31,24.563822874559342,0.5215779135905013,depois
2010-09-30,31,24.836508961745274,0.519666791607389,depois
2010-10-31,30,25.010787229023144,0.507153838381295,depois
2010-11-30,29,23.088638229309062,0.5418405965611458,depois
2010-12-31,29,22.309303948385473,0.5619072817157644,depois
2011-01-31,25,19.389057102291112,0.604985452415316,depois
2011-02-28,25,19.455393852885074,0.5981716925300309,depois
2011-03-31,26,19.240892147903242,0.6060992650843086,depois
2011-04-30,26,19.375523002985314,0.6045794469965059,depois
2011-05-31,22,17.055965819612183,0.6445915263430098,depois
2011-06-30,21,15.70704618503791,0.6876488251109443,depois
2011-07-31,21,15.761168339267735,0.6996359489099045,depois
2011-08-31,21,15.372654541892238,0.7149791017977773,depois
2011-09-30,18,16.389479091245143,0.6710482843551819,depois
2011-10-31,18,16.63450549907668,0.6685225497137819,depois
2011-11-30,18,16.686045273538824,0.6635152221130161,depois
2011-12-31,17,15.717887129169203,0.6905201654965516,depois
2012-01-31,16,15.368200926869012,0.69309002038511,depois
2012-02-29,16,15.307831667041404,0.7044830226058827,depois
2012-03-31,17,15.454521989705677,0.7102433682424771,depois
2012-04-30,20,17.546718973422916,0.648630444800229,depois
2012-05-31,22,19.963926890559645,0.5715010878148546,depois
2012-06-30,23,20.15152145539717,0.5707982396221802,depois
2012-07-31,21,19.70055452759196,0.5779204754212317,depois
2012-08-31,21,19.635899469834815,0.5855037225594297,depois
2012-09-30,22,19.302949201115215,0.5940635448954307,depois
2012-10-31,22,18.442409117132076,0.6164867673296185,depois
2012-11-30,22,18.100444891184132,0.6234119068149285,depois
2012-12-31,21,18.14029256554853,0.6331846816947321,depois
2013-01-31,21,19.297972320033153,0.5948740522038855,depois
2013-02-28,21,18.340497044031075,0.6277468091195012,depois
2013-03-31,22,19.32090832383064,0.5958952033685692,depois
2013-04-30,21,19.043367562977842,0.6030313546844239,depois
2013-05-31,18,16.231193337651316,0.6828662673741209,depois
2013-06-30,18,15.634859651281568,0.7231792094261649,depois
2013-07-31,22,17.615509203579062,0.6573878747311374,depois
2013-08-31,22,17.20210865604684,0.6616643989312875,depois
2013-09-30,24,20.26139203878839,0.5898241862170984,depois
2013-10-31,24,20.1412024608717,0.5896801534673031,depois
2013-11-30,24,19.250443757386225,0.6146064237334178,depois
2013-12-31,24,19.124400420348405,0.6097170308973592,depois
2014-01-31,22,17.029412023866357,0.6770435248882141,depois
2014-02-28,20,18.151802221132396,0.6292378591541592,depois
2014-03-31,20,17.819700196446128,0.6411992318606909,depois
2014-04-30,20,17.902308643145865,0.6414133940777672,depois
2014-05-31,28,21.308326734919444,0.5896810851016456,depois
2014-06-30,29,21.530229502408037,0.5895156251553352,depois
2014-07-31,29,20.788493128533897,0.6004028797225058,depois
2014-08-31,29,21.07099040107492,0.5968820729514372,depois
2014-09-30,29,22.107773981156825,0.5771732974785337,depois
2014-10-31,29,22.58623896252838,0.5629499867275727,depois
2014-11-30,30,22.529926338362095,0.5576098420859288,depois
2014-12-31,31,22.748694752612302,0.5492402075967615,depois
2015-01-31,31,21.528198347982624,0.5855228847076672,depois
2015-02-28,34,23.959621840362107,0.5409655932666653,depois
2015-03-31,29,22.87830189777686,0.5503634303755608,depois
2015-04-30,28,22.695289479184048,0.5490586801724638,depois
2015-05-31,27,20.718333970737973,0.5647218990255571,depois
2015-06-30,27,20.40211096194447,0.5609648649351789,depois
2015-07-31,28,21.279643896950503,0.5342882473432553,depois
2015-08-31,29,20.264596006438516,0.553989031136245,depois
2015-09-30,31,24.691842089522996,0.5095334916786343,depois
2015-10-31,27,20.877130879895365,0.587329803622783,depois
2015-11-30,29,20.974795811292452,0.5851523068158055,depois
2015-12-31,30,21.684740578592113,0.5847255998821996,depois
