frequencia,diaria,diaria,semanal,semanal
periodo,gestao,depois,gestao,depois
inicio,2008-12-01,2010-07-30,2008-12-05,2010-07-30
fim,2010-07-29,2015-12-30,2010-07-23,2016-01-01
obs,408,1340,86,284
retorno_anual_fundo,0.7487706282031821,-0.05498039026687951,0.7212546059675518,-0.05239391898786794
retorno_anual_smal11,0.8021856237011067,-0.07421462012969615,0.7684439559989575,-0.07049969244801046
sharpe_fundo,2.262634431472922,-0.8396615629364794,2.3685880806799386,-0.7853346413953692
sharpe_smal11,1.9373582184271196,-0.8293734551246974,2.0207845699556306,-0.8392180926969042
beta_smal11,0.43277097420185834,0.7306987029223335,0.6431393101812808,0.888333009315627
vol_relativa_smal11,0.7851137141184182,0.8841900215990727,0.7887369927805743,0.9466198421753734
especifica_relativa_smal11,0.6550670408326097,0.4978668495119833,0.45659377074166285,0.3270375974721744
corr_fundo_smal11,0.5512207549295,0.8264046020343597,0.8154040143520965,0.9384263563229345
corr_fundo_ibov,0.8525741610782206,0.8363066280659727,0.80813488641809,0.8129929051142717
corr_smal11_ibov,0.45893233419112905,0.7327823663265608,0.6749830881383019,0.8170974003865005
information_ratio_smal11,-0.18572265399379206,0.15361809746764382,-0.26331302906853343,0.27723164789645904
