,vol_fundo,vol_bench,tracking_error,dias,vol_relativa,correlacao
2007-01,0.15560299626996008,0.2508474006033425,0.19945252680396403,21,0.6203093828985314,0.6066133402107438
2007-02,0.2003696104128634,0.31443816228383237,0.1936894985314717,18,0.6372305732788145,0.8055358005255581
2007-03,0.2031412057788976,0.3207006493268172,0.20088649149513702,22,0.6334293560219206,0.7963455778250533
2007-04,0.1226756929664988,0.13473815484309126,0.09820268300569089,20,0.9104747880016633,0.712680485750837
2007-05,0.15116545884808805,0.2076095498353784,0.152847671930652,22,0.7281238217025804,0.6785485320868812
2007-06,0.1578729137164618,0.18765277376925676,0.1295328093899279,20,0.8413033846789116,0.7317847596290211
2007-07,0.22200344682509865,0.2701789382533281,0.20126021542296926,21,0.8216904258352713,0.6816907385683563
2007-08,0.443641304942313,0.35048303766910677,0.28363577561366377,23,1.2657996458052774,0.7692090603500765
2007-09,0.24666336524781246,0.27141707628131695,0.15075101805268507,19,0.9087982548015958,0.8348501170289131
2007-10,0.20378552055713514,0.30128434352849726,0.20651954587566188,22,0.6763893475860616,0.7300837699676823
2007-11,0.37835196359295825,0.36510460096377517,0.304892821641835,19,1.036283746066781,0.6641615218216003
2007-12,0.24900581380861056,0.27395142320206795,0.1607890076352335,18,0.9089414864070359,0.815065325117451
2008-01,0.3379928663078115,0.46220943717366403,0.20628411575420155,21,0.7312547930102493,0.9131904571459384
2008-02,0.26062295671383184,0.2796776287077636,0.21226773334397178,19,0.9318691592102919,0.6934129621783215
2008-03,0.27639264631478794,0.3568769362585297,0.27714209892285113,20,0.7744760678918261,0.6434948630322954
2008-04,0.20445644184428402,0.2963844731768349,0.1479030574367277,21,0.6898351983583737,0.8892321971384822
2008-05,0.33740291467358097,0.22066137405617617,0.22048521484377137,20,1.5290529034215323,0.7650483467173195
2008-06,0.21676991499615142,0.28749817157404994,0.1173738103466369,21,0.7539871081938992,0.9296053375028664
2008-07,0.24463053568922993,0.29897313934800185,0.1313543735779622,22,0.8182358329003007,0.9022337166968417
2008-08,0.16988948997596287,0.3008543454843362,0.19956662702127537,21,0.5646901649449769,0.7781827252221682
2008-09,0.5422901492448122,0.7603121941382823,0.32495655469245954,22,0.7132466813312517,0.9295879596911193
2008-10,0.7781271476927448,1.081761086726887,0.42957593583714543,23,0.7193151586244839,0.9451486953105172
2008-11,0.37734826923642195,0.7038364758713656,0.42004212876954083,19,0.536130595916127,0.8685182937295717
2008-12,0.23316839356055105,0.46990459435830156,0.34910697258181406,20,0.4962036897701845,0.6995824017032295
2009-01,0.22493581160057974,0.48998892904927666,0.3068385334022429,21,0.45906304870402215,0.8915914292882077
2009-02,0.19276823144614152,0.3463601894185637,0.1920342185489969,18,0.5565542384352611,0.900500220545538
2009-03,0.27618059369047776,0.43732497903957274,0.19320765073463986,22,0.6315225677184259,0.9529656394847861
2009-04,0.20479687957393294,0.2912454334887052,0.1524760622235767,20,0.7031762768629819,0.867756799905547
2009-05,0.2984146034751756,0.3844086427416087,0.14427487805499906,20,0.7762952501454645,0.9415051136988046
2009-06,0.22665132873219251,0.29652342814646826,0.14278223530944273,21,0.7643622972692656,0.8846507248045684
2009-07,0.1527841827422198,0.2331779800833103,0.13451730393548628,22,0.6552256035824341,0.8367516317857469
2009-08,0.15475999488477316,0.20018161070573215,0.11631284446241746,21,0.7730979600932028,0.8149529418141973
2009-09,0.14648411199041328,0.15982988465746642,0.07247502337037398,21,0.9165001420375505,0.8916281693248214
2009-10,0.3177393189711146,0.3756367415101706,0.11214988891363628,21,0.8458685848825883,0.9613526041275444
2009-11,0.1757418003328246,0.2333169232228477,0.13927121408733473,19,0.7532321183790366,0.8039001289486979
2009-12,0.11591293887826191,0.18188572433878322,0.11272633445160772,20,0.6372844229509769,0.8018580330241094
