,antes,gestao,depois
inicio,2005-01-04,2008-08-01,2010-07-30
fim,2008-07-31,2010-07-29,2015-12-30
dias,883,493,1340
retorno_anual,0.19118599479543885,0.18405737511688214,-0.05498039026687951
retorno_anual_bench,0.27043720507235447,0.06214299283968261,-0.07849712822938337
retorno_anual_cdi,0.14748873860061784,0.10448813218297559,0.10440488129277248
vol_anual,0.230590758872818,0.29641462718102146,0.16862035194854144
vol_anual_bench,0.2671301287730335,0.41653050121619306,0.22751111120216316
vol_relativa,0.8632150927038967,0.7116276630776013,0.7411521620089482
sharpe,0.27762920123993345,0.3826566463578291,-0.8396615629364794
sharpe_bench,0.5149420279346179,0.11296125481932875,-0.6821143436072094
sharpe_fic,0.13996281392019044,0.27606520883609853,-1.0203902934885376
beta,0.6335827866273336,0.6317512019205287,0.6198266235137994
tracking_error,0.1846823272434588,0.20529145414807215,0.1266019672238848
information_ratio,-0.3982130227813474,0.32351470960157874,0.10726423521459987
max_drawdown,-0.24386735457462227,-0.4927018735342853,-0.38507940383266837
