,periodo,sharpe,vol,retorno_anual,n_fundos,posicao_sharpe,pct_sharpe,pct_vol
01.063.897/0001-65,antes,0.4095118348230849,0.20407750924241758,0.22144490022772279,8,4.0,0.625,0.375
02.763.602/0001-26,antes,0.46023920617113,0.20584617008791492,0.23471378123750575,8,3.0,0.75,0.75
04.312.909/0001-36,antes,0.5988036880889754,0.23494032562986772,0.28451851955846164,8,1.0,1.0,1.0
05.100.234/0001-24,antes,0.2687850448222889,0.22904229101572351,0.1885062649075322,8,6.0,0.375,0.875
05.857.973/0001-65,antes,0.237885693767879,0.2041275700508301,0.17939785663132568,8,7.0,0.25,0.5
06.047.002/0001-12,antes,0.20340932095761383,0.20157555678073488,0.17179090964681354,8,8.0,0.125,0.25
06.234.238/0001-68,antes,0.38848252792731974,0.17861199447743006,0.21009472456202416,8,5.0,0.5,0.125
06.988.623/0001-09,antes,0.5342406249340718,0.20574368311826843,0.25360549924247944,8,2.0,0.875,0.625
01.063.897/0001-65,gestao,0.2338156957673987,0.2836604938549604,0.133626733094383,12,5.0,0.6666666666666666,0.4166666666666667
02.763.602/0001-26,gestao,0.048532859635498395,0.2836843691815446,0.07571315646452925,12,10.0,0.25,0.5
04.312.909/0001-36,gestao,0.013355009823669235,0.4128517207016597,0.020422217395586806,12,11.0,0.16666666666666666,1.0
05.100.234/0001-24,gestao,0.3734219956284118,0.2937453614431229,0.18055791422699907,12,2.0,0.9166666666666666,0.5833333333333334
05.857.973/0001-65,gestao,0.05721210461028185,0.29829292485721565,0.07471177653333894,12,9.0,0.3333333333333333,0.75
06.234.238/0001-68,gestao,0.1665731175148589,0.27879679351318987,0.11279164445807721,12,6.0,0.5833333333333334,0.16666666666666666
06.988.623/0001-09,gestao,0.1025229079956618,0.28356281032338837,0.09234358609606197,12,7.0,0.5,0.3333333333333333
08.576.294/0001-06,gestao,0.06378029763479458,0.4085277265577227,0.04350876180846486,12,8.0,0.4166666666666667,0.9166666666666666
08.680.909/0001-40,gestao,0.29303110224823453,0.3394444136100844,0.15133168592024693,12,3.0,0.8333333333333334,0.8333333333333334
08.715.375/0001-40,gestao,-0.16238786025197036,0.23908144834171288,0.032397518041479945,12,12.0,0.08333333333333333,0.08333333333333333
08.760.870/0001-70,gestao,0.38626128161716566,0.28084061375406616,0.18317826683666927,12,1.0,1.0,0.25
09.528.355/0001-22,gestao,0.26187165157035514,0.29698803729071777,0.14204837574904938,12,4.0,0.75,0.6666666666666666
01.063.897/0001-65,depois,-0.4838027169217681,0.15417833186304514,0.012873787290125893,16,7.0,0.625,0.25
02.763.602/0001-26,depois,-0.47542321669436305,0.1573882456792676,0.012146924077743648,16,6.0,0.6875,0.4375
04.312.909/0001-36,depois,-0.8914713824534274,0.17449838216658978,-0.06906002267853717,16,13.0,0.25,0.8125
05.100.234/0001-24,depois,-0.8340262000100108,0.16708596548578433,-0.05263948292518694,16,11.0,0.375,0.6875
05.857.973/0001-65,depois,-0.9795397767700239,0.1521796180059197,-0.05953912992087229,16,14.0,0.1875,0.1875
06.234.238/0001-68,depois,-0.5714383372680166,0.15535930739728596,-0.0015793441254816631,16,8.0,0.5625,0.3125
06.988.623/0001-09,depois,-0.37887201430179673,0.1573051342222407,0.02769268989627327,16,3.0,0.875,0.375
08.576.294/0001-06,depois,-0.8750923403194134,0.18260777250997737,-0.0743083698249728,16,12.0,0.3125,0.9375
08.680.909/0001-40,depois,-1.0935461502843038,0.14545765105304523,-0.06796007859005992,16,15.0,0.125,0.125
08.715.375/0001-40,depois,-0.6428261628667657,0.15850786392849542,-0.015089914213433309,16,9.0,0.5,0.5
08.760.870/0001-70,depois,-0.8155723564846372,0.1724553062427698,-0.05726343843169035,16,10.0,0.4375,0.75
09.528.355/0001-22,depois,-0.38213852007496213,0.16557569273264197,0.022559258824785156,16,4.0,0.8125,0.5625
10.264.144/0001-09,depois,-0.17504120809670148,0.14044489795930462,0.06696465985282174,16,2.0,0.9375,0.0625
12.082.029/0001-49,depois,-0.38623875840629596,0.25946842072871906,-0.033709436497176504,16,5.0,0.75,1.0
12.823.607/0001-50,depois,0.10365815600529363,0.1664696400280472,0.10703506861114853,16,1.0,1.0,0.625
13.072.136/0001-59,depois,-1.137258594236958,0.1792483001905251,-0.11417687802907328,16,16.0,0.0625,0.875
